"id","country_code","indicator_code","year","value"
"1","AFG","NY.GDP.MKTP.CD","2024","17778508875.7396"
"2","AFG","NY.GDP.MKTP.CD","2023","17152234636.8715"
"3","AFG","NY.GDP.MKTP.CD","2022","14497243872.1337"
"4","AFG","NY.GDP.MKTP.CD","2021","14259995441.0759"
"5","AFG","NY.GDP.MKTP.CD","2020","19955929052.1496"
"6","AFG","NY.GDP.MKTP.CD","2019","18799444490.1128"
"7","AFG","NY.GDP.MKTP.CD","2018","18053222687.4126"
"8","AFG","NY.GDP.MKTP.CD","2017","18753456497.8159"
"9","AFG","NY.GDP.MKTP.CD","2016","18116572395.0772"
"10","AFG","NY.GDP.MKTP.CD","2015","19134221644.7325"
"11","AFG","NY.GDP.MKTP.CD","2014","20497128555.6972"
"12","ALB","NY.GDP.MKTP.CD","2025","30540188271.3421"
"13","ALB","NY.GDP.MKTP.CD","2024","27037474263.2977"
"14","ALB","NY.GDP.MKTP.CD","2023","23491242727.4082"
"15","ALB","NY.GDP.MKTP.CD","2022","19017247013.8821"
"16","ALB","NY.GDP.MKTP.CD","2021","18031989573.0294"
"17","ALB","NY.GDP.MKTP.CD","2020","15241458744.5927"
"18","ALB","NY.GDP.MKTP.CD","2019","15585111614.0376"
"19","ALB","NY.GDP.MKTP.CD","2018","15379508329.7568"
"20","ALB","NY.GDP.MKTP.CD","2017","13258268435.6048"
"21","ALB","NY.GDP.MKTP.CD","2016","11988668784.6628"
"22","ALB","NY.GDP.MKTP.CD","2015","11470171826.9575"
"23","ALB","NY.GDP.MKTP.CD","2014","13296322588.1684"
"24","DZA","NY.GDP.MKTP.CD","2025","287031225987.7360"
"25","DZA","NY.GDP.MKTP.CD","2024","269322281664.7730"
"26","DZA","NY.GDP.MKTP.CD","2023","247923887214.6550"
"27","DZA","NY.GDP.MKTP.CD","2022","225581644702.5680"
"28","DZA","NY.GDP.MKTP.CD","2021","186231205262.0820"
"29","DZA","NY.GDP.MKTP.CD","2020","164873415325.2010"
"30","DZA","NY.GDP.MKTP.CD","2019","193459662090.6770"
"31","DZA","NY.GDP.MKTP.CD","2018","194554483655.5280"
"32","DZA","NY.GDP.MKTP.CD","2017","189880896903.0730"
"33","DZA","NY.GDP.MKTP.CD","2016","180763839522.1510"
"34","DZA","NY.GDP.MKTP.CD","2015","187493855609.3450"
"35","DZA","NY.GDP.MKTP.CD","2014","238942664192.5900"
"36","ASM","NY.GDP.MKTP.CD","2022","871000000.0000"
"37","ASM","NY.GDP.MKTP.CD","2021","750000000.0000"
"38","ASM","NY.GDP.MKTP.CD","2020","721000000.0000"
"39","ASM","NY.GDP.MKTP.CD","2019","647000000.0000"
"40","ASM","NY.GDP.MKTP.CD","2018","639000000.0000"
"41","ASM","NY.GDP.MKTP.CD","2017","612000000.0000"
"42","ASM","NY.GDP.MKTP.CD","2016","671000000.0000"
"43","ASM","NY.GDP.MKTP.CD","2015","673000000.0000"
"44","ASM","NY.GDP.MKTP.CD","2014","643000000.0000"
"45","AND","NY.GDP.MKTP.CD","2025","4500982731.8078"
"46","AND","NY.GDP.MKTP.CD","2024","4044249678.6563"
"47","AND","NY.GDP.MKTP.CD","2023","3785067331.8824"
"48","AND","NY.GDP.MKTP.CD","2022","3380612573.4825"
"49","AND","NY.GDP.MKTP.CD","2021","3324647529.4186"
"50","AND","NY.GDP.MKTP.CD","2020","2891001149.4008"
"51","AND","NY.GDP.MKTP.CD","2019","3155149347.9216"
"52","AND","NY.GDP.MKTP.CD","2018","3218419896.9333"
"53","AND","NY.GDP.MKTP.CD","2017","3000162081.2235"
"54","AND","NY.GDP.MKTP.CD","2016","2896610479.8677"
"55","AND","NY.GDP.MKTP.CD","2015","2789881258.6055"
"56","AND","NY.GDP.MKTP.CD","2014","3271685596.5216"
"57","AGO","NY.GDP.MKTP.CD","2025","122174889423.6350"
"58","AGO","NY.GDP.MKTP.CD","2024","103080538044.0580"
"59","AGO","NY.GDP.MKTP.CD","2023","106042349567.3030"
"60","AGO","NY.GDP.MKTP.CD","2022","128233959333.2750"
"61","AGO","NY.GDP.MKTP.CD","2021","78283923543.8237"
"62","AGO","NY.GDP.MKTP.CD","2020","58512033805.8981"
"63","AGO","NY.GDP.MKTP.CD","2019","81193813808.0382"
"64","AGO","NY.GDP.MKTP.CD","2018","90506061877.2765"
"65","AGO","NY.GDP.MKTP.CD","2017","85629598654.1906"
"66","AGO","NY.GDP.MKTP.CD","2016","60770049747.3832"
"67","AGO","NY.GDP.MKTP.CD","2015","102543067840.8190"
"68","AGO","NY.GDP.MKTP.CD","2014","153449860495.9660"
"69","ATG","NY.GDP.MKTP.CD","2025","2338196296.2963"
"70","ATG","NY.GDP.MKTP.CD","2024","2162366666.6667"
"71","ATG","NY.GDP.MKTP.CD","2023","2054096296.2963"
"72","ATG","NY.GDP.MKTP.CD","2022","1857114814.8148"
"73","ATG","NY.GDP.MKTP.CD","2021","1602125925.9259"
"74","ATG","NY.GDP.MKTP.CD","2020","1411637037.0370"
"75","ATG","NY.GDP.MKTP.CD","2019","1726448148.1482"
"76","ATG","NY.GDP.MKTP.CD","2018","1661529629.6296"
"77","ATG","NY.GDP.MKTP.CD","2017","1534855555.5556"
"78","ATG","NY.GDP.MKTP.CD","2016","1489603703.7037"
"79","ATG","NY.GDP.MKTP.CD","2015","1437485185.1852"
"80","ATG","NY.GDP.MKTP.CD","2014","1378707407.4074"
"81","ARG","NY.GDP.MKTP.CD","2025","683097891618.5970"
"82","ARG","NY.GDP.MKTP.CD","2024","638365455340.0400"
"83","ARG","NY.GDP.MKTP.CD","2023","649461687959.1740"
"84","ARG","NY.GDP.MKTP.CD","2022","633993756301.0800"
"85","ARG","NY.GDP.MKTP.CD","2021","486564085480.0360"
"86","ARG","NY.GDP.MKTP.CD","2020","385740508436.9650"
"87","ARG","NY.GDP.MKTP.CD","2019","447754683615.2250"
"88","ARG","NY.GDP.MKTP.CD","2018","524819892360.1760"
"89","ARG","NY.GDP.MKTP.CD","2017","643628393281.3640"
"90","ARG","NY.GDP.MKTP.CD","2016","557532320662.9550"
"91","ARG","NY.GDP.MKTP.CD","2015","594749285413.2120"
"92","ARG","NY.GDP.MKTP.CD","2014","526319673731.6380"
"93","ARM","NY.GDP.MKTP.CD","2025","29243452882.3545"
"94","ARM","NY.GDP.MKTP.CD","2024","25955275380.0321"
"95","ARM","NY.GDP.MKTP.CD","2023","24185982215.6543"
"96","ARM","NY.GDP.MKTP.CD","2022","19513506553.1251"
"97","ARM","NY.GDP.MKTP.CD","2021","13878908628.9378"
"98","ARM","NY.GDP.MKTP.CD","2020","12641698583.2152"
"99","ARM","NY.GDP.MKTP.CD","2019","13619290539.2116"
"100","ARM","NY.GDP.MKTP.CD","2018","12457940694.7395"
"101","ARM","NY.GDP.MKTP.CD","2017","11527458709.0158"
"102","ARM","NY.GDP.MKTP.CD","2016","10546136235.5219"
"103","ARM","NY.GDP.MKTP.CD","2015","10553337518.4140"
"104","ARM","NY.GDP.MKTP.CD","2014","11609513246.7958"
"105","ABW","NY.GDP.MKTP.CD","2024","4167588070.2922"
"106","ABW","NY.GDP.MKTP.CD","2023","3746573413.0757"
"107","ABW","NY.GDP.MKTP.CD","2022","3326671314.7742"
"108","ABW","NY.GDP.MKTP.CD","2021","2889305033.5598"
"109","ABW","NY.GDP.MKTP.CD","2020","2461056053.2280"
"110","ABW","NY.GDP.MKTP.CD","2019","3347561738.9459"
"111","ABW","NY.GDP.MKTP.CD","2018","3276187709.4972"
"112","ABW","NY.GDP.MKTP.CD","2017","3092427932.9609"
"113","ABW","NY.GDP.MKTP.CD","2016","2983637430.1676"
"114","ABW","NY.GDP.MKTP.CD","2015","2962906703.9106"
"115","ABW","NY.GDP.MKTP.CD","2014","2790849720.6704"
"116","AUS","NY.GDP.MKTP.CD","2025","1798518933689.2100"
"117","AUS","NY.GDP.MKTP.CD","2024","1757022451652.8300"
"118","AUS","NY.GDP.MKTP.CD","2023","1734451264655.6000"
"119","AUS","NY.GDP.MKTP.CD","2022","1695627535475.8000"
"120","AUS","NY.GDP.MKTP.CD","2021","1560617493202.6900"
"121","AUS","NY.GDP.MKTP.CD","2020","1333336461648.0900"
"122","AUS","NY.GDP.MKTP.CD","2019","1398349602956.3500"
"123","AUS","NY.GDP.MKTP.CD","2018","1433144978761.6700"
"124","AUS","NY.GDP.MKTP.CD","2017","1330890554614.0900"
"125","AUS","NY.GDP.MKTP.CD","2016","1211588128417.6100"
"126","AUS","NY.GDP.MKTP.CD","2015","1356805839935.9000"
"127","AUS","NY.GDP.MKTP.CD","2014","1474677007565.6400"
"128","AUT","NY.GDP.MKTP.CD","2025","579470021095.4180"
"129","AUT","NY.GDP.MKTP.CD","2024","534790720466.8220"
"130","AUT","NY.GDP.MKTP.CD","2023","516670509628.8760"
"131","AUT","NY.GDP.MKTP.CD","2022","473221298968.2160"
"132","AUT","NY.GDP.MKTP.CD","2021","480466363176.8060"
"133","AUT","NY.GDP.MKTP.CD","2020","434397601557.6960"
"134","AUT","NY.GDP.MKTP.CD","2019","442983642371.8420"
"135","AUT","NY.GDP.MKTP.CD","2018","452582294972.7750"
"136","AUT","NY.GDP.MKTP.CD","2017","414926138132.6910"
"137","AUT","NY.GDP.MKTP.CD","2016","393687359770.2730"
"138","AUT","NY.GDP.MKTP.CD","2015","379546097300.6330"
"139","AUT","NY.GDP.MKTP.CD","2014","438556021078.0340"
"140","AZE","NY.GDP.MKTP.CD","2025","75937647058.8235"
"141","AZE","NY.GDP.MKTP.CD","2024","74426000000.0000"
"142","AZE","NY.GDP.MKTP.CD","2023","72428470588.2353"
"143","AZE","NY.GDP.MKTP.CD","2022","78807470588.2353"
"144","AZE","NY.GDP.MKTP.CD","2021","54825411764.7059"
"145","AZE","NY.GDP.MKTP.CD","2020","42693000000.0000"
"146","AZE","NY.GDP.MKTP.CD","2019","48174235294.1176"
"147","AZE","NY.GDP.MKTP.CD","2018","47112470051.7701"
"148","AZE","NY.GDP.MKTP.CD","2017","40866627351.9817"
"149","AZE","NY.GDP.MKTP.CD","2016","37866996882.9157"
"150","AZE","NY.GDP.MKTP.CD","2015","53076235354.7460"
"151","AZE","NY.GDP.MKTP.CD","2014","75239785452.1022"
"152","BHS","NY.GDP.MKTP.CD","2024","15832800000.0000"
"153","BHS","NY.GDP.MKTP.CD","2023","15271300000.0000"
"154","BHS","NY.GDP.MKTP.CD","2022","13896800000.0000"
"155","BHS","NY.GDP.MKTP.CD","2021","12037000000.0000"
"156","BHS","NY.GDP.MKTP.CD","2020","10363200000.0000"
"157","BHS","NY.GDP.MKTP.CD","2019","13277000000.0000"
"158","BHS","NY.GDP.MKTP.CD","2018","12819200000.0000"
"159","BHS","NY.GDP.MKTP.CD","2017","12446900000.0000"
"160","BHS","NY.GDP.MKTP.CD","2016","11880900000.0000"
"161","BHS","NY.GDP.MKTP.CD","2015","11837600000.0000"
"162","BHS","NY.GDP.MKTP.CD","2014","11139100000.0000"
"163","BHR","NY.GDP.MKTP.CD","2025","48965725531.9149"
"164","BHR","NY.GDP.MKTP.CD","2024","47210732712.7660"
"165","BHR","NY.GDP.MKTP.CD","2023","46192260638.2979"
"166","BHR","NY.GDP.MKTP.CD","2022","46458191489.3617"
"167","BHR","NY.GDP.MKTP.CD","2021","40840212765.9574"
"168","BHR","NY.GDP.MKTP.CD","2020","35837632978.7234"
"169","BHR","NY.GDP.MKTP.CD","2019","40446808510.6383"
"170","BHR","NY.GDP.MKTP.CD","2018","39567978723.4043"
"171","BHR","NY.GDP.MKTP.CD","2017","37204813829.7872"
"172","BHR","NY.GDP.MKTP.CD","2016","33884680851.0638"
"173","BHR","NY.GDP.MKTP.CD","2015","32523297872.3404"
"174","BHR","NY.GDP.MKTP.CD","2014","34772526595.7447"
"175","BGD","NY.GDP.MKTP.CD","2025","456319229255.5780"
"176","BGD","NY.GDP.MKTP.CD","2024","450119432068.8520"
"177","BGD","NY.GDP.MKTP.CD","2023","437415333018.2910"
"178","BGD","NY.GDP.MKTP.CD","2022","460131689083.0830"
"179","BGD","NY.GDP.MKTP.CD","2021","416271647911.0140"
"180","BGD","NY.GDP.MKTP.CD","2020","373979442362.1930"
"181","BGD","NY.GDP.MKTP.CD","2019","351231654603.6920"
"182","BGD","NY.GDP.MKTP.CD","2018","321362752441.7800"
"183","BGD","NY.GDP.MKTP.CD","2017","293732446624.5960"
"184","BGD","NY.GDP.MKTP.CD","2016","265224515675.0340"
"185","BGD","NY.GDP.MKTP.CD","2015","195146608978.1310"
"186","BGD","NY.GDP.MKTP.CD","2014","172886611653.7860"
"187","BRB","NY.GDP.MKTP.CD","2025","8016550000.0000"
"188","BRB","NY.GDP.MKTP.CD","2024","7597571450.0000"
"189","BRB","NY.GDP.MKTP.CD","2023","7223248150.0000"
"190","BRB","NY.GDP.MKTP.CD","2022","6886644900.0000"
"191","BRB","NY.GDP.MKTP.CD","2021","5948900600.0000"
"192","BRB","NY.GDP.MKTP.CD","2020","5403246950.0000"
"193","BRB","NY.GDP.MKTP.CD","2019","6166710800.0000"
"194","BRB","NY.GDP.MKTP.CD","2018","6001101550.0000"
"195","BRB","NY.GDP.MKTP.CD","2017","5847381600.0000"
"196","BRB","NY.GDP.MKTP.CD","2016","5679029450.0000"
"197","BRB","NY.GDP.MKTP.CD","2015","5699619150.0000"
"198","BRB","NY.GDP.MKTP.CD","2014","5684901000.0000"
"199","BLR","NY.GDP.MKTP.CD","2025","93397215864.1980"
"200","BLR","NY.GDP.MKTP.CD","2024","78591839299.7087"
"201","BLR","NY.GDP.MKTP.CD","2023","72478760370.4258"
"202","BLR","NY.GDP.MKTP.CD","2022","73775179924.6030"
"203","BLR","NY.GDP.MKTP.CD","2021","69673747131.8700"
"204","BLR","NY.GDP.MKTP.CD","2020","61371673344.7424"
"205","BLR","NY.GDP.MKTP.CD","2019","64410170653.4569"
"206","BLR","NY.GDP.MKTP.CD","2018","60031026576.2600"
"207","BLR","NY.GDP.MKTP.CD","2017","54725405751.1559"
"208","BLR","NY.GDP.MKTP.CD","2016","47723545321.2590"
"209","BLR","NY.GDP.MKTP.CD","2015","56454769844.7632"
"210","BLR","NY.GDP.MKTP.CD","2014","78813069120.9984"
"211","BEL","NY.GDP.MKTP.CD","2025","725466462859.6460"
"212","BEL","NY.GDP.MKTP.CD","2024","670983130618.8280"
"213","BEL","NY.GDP.MKTP.CD","2023","650779364363.7370"
"214","BEL","NY.GDP.MKTP.CD","2022","591474463578.6020"
"215","BEL","NY.GDP.MKTP.CD","2021","598522422241.8510"
"216","BEL","NY.GDP.MKTP.CD","2020","529694473501.7910"
"217","BEL","NY.GDP.MKTP.CD","2019","536726344405.4890"
"218","BEL","NY.GDP.MKTP.CD","2018","542638913427.9210"
"219","BEL","NY.GDP.MKTP.CD","2017","500908767351.5300"
"220","BEL","NY.GDP.MKTP.CD","2016","474271566739.7290"
"221","BEL","NY.GDP.MKTP.CD","2015","461044767544.5310"
"222","BEL","NY.GDP.MKTP.CD","2014","537987419164.3510"
"223","BLZ","NY.GDP.MKTP.CD","2025","3326500000.0000"
"224","BLZ","NY.GDP.MKTP.CD","2024","3203631800.0000"
"225","BLZ","NY.GDP.MKTP.CD","2023","3052362650.0000"
"226","BLZ","NY.GDP.MKTP.CD","2022","2846604350.0000"
"227","BLZ","NY.GDP.MKTP.CD","2021","2428606250.0000"
"228","BLZ","NY.GDP.MKTP.CD","2020","2047284600.0000"
"229","BLZ","NY.GDP.MKTP.CD","2019","2381187850.0000"
"230","BLZ","NY.GDP.MKTP.CD","2018","2285915050.0000"
"231","BLZ","NY.GDP.MKTP.CD","2017","2266028250.0000"
"232","BLZ","NY.GDP.MKTP.CD","2016","2239604950.0000"
"233","BLZ","NY.GDP.MKTP.CD","2015","2193095150.0000"
"234","BLZ","NY.GDP.MKTP.CD","2014","2138242200.0000"
"235","BEN","NY.GDP.MKTP.CD","2025","24566420903.5337"
"236","BEN","NY.GDP.MKTP.CD","2024","21482643706.4249"
"237","BEN","NY.GDP.MKTP.CD","2023","19673291004.1444"
"238","BEN","NY.GDP.MKTP.CD","2022","17425405090.8620"
"239","BEN","NY.GDP.MKTP.CD","2021","17687623530.3355"
"240","BEN","NY.GDP.MKTP.CD","2020","15686741883.9340"
"241","BEN","NY.GDP.MKTP.CD","2019","14391686313.4641"
"242","BEN","NY.GDP.MKTP.CD","2018","14262408089.9261"
"243","BEN","NY.GDP.MKTP.CD","2017","12701655836.9467"
"244","BEN","NY.GDP.MKTP.CD","2016","11821065853.3838"
"245","BEN","NY.GDP.MKTP.CD","2015","11388160996.7738"
"246","BEN","NY.GDP.MKTP.CD","2014","13284527846.9081"
"247","BMU","NY.GDP.MKTP.CD","2024","9194499000.0000"
"248","BMU","NY.GDP.MKTP.CD","2023","8602360000.0000"
"249","BMU","NY.GDP.MKTP.CD","2022","7767884000.0000"
"250","BMU","NY.GDP.MKTP.CD","2021","7290037000.0000"
"251","BMU","NY.GDP.MKTP.CD","2020","6887364000.0000"
"252","BMU","NY.GDP.MKTP.CD","2019","7423465000.0000"
"253","BMU","NY.GDP.MKTP.CD","2018","7225977000.0000"
"254","BMU","NY.GDP.MKTP.CD","2017","7142316000.0000"
"255","BMU","NY.GDP.MKTP.CD","2016","6899911000.0000"
"256","BMU","NY.GDP.MKTP.CD","2015","6654541000.0000"
"257","BMU","NY.GDP.MKTP.CD","2014","6413988000.0000"
"258","BTN","NY.GDP.MKTP.CD","2025","3579320145.1308"
"259","BTN","NY.GDP.MKTP.CD","2024","3346603858.7495"
"260","BTN","NY.GDP.MKTP.CD","2023","3012896789.7975"
"261","BTN","NY.GDP.MKTP.CD","2022","2898227743.7558"
"262","BTN","NY.GDP.MKTP.CD","2021","2768802960.1120"
"263","BTN","NY.GDP.MKTP.CD","2020","2457604333.9093"
"264","BTN","NY.GDP.MKTP.CD","2019","2735683570.4616"
"265","BTN","NY.GDP.MKTP.CD","2018","2583335721.8590"
"266","BTN","NY.GDP.MKTP.CD","2017","2591358009.2028"
"267","BTN","NY.GDP.MKTP.CD","2016","2357504760.7859"
"268","BTN","NY.GDP.MKTP.CD","2015","2187815803.3683"
"269","BTN","NY.GDP.MKTP.CD","2014","2089079570.5829"
"270","BOL","NY.GDP.MKTP.CD","2025","64768947525.3256"
"271","BOL","NY.GDP.MKTP.CD","2024","54881327452.9667"
"272","BOL","NY.GDP.MKTP.CD","2023","52340206946.4544"
"273","BOL","NY.GDP.MKTP.CD","2022","50959081953.6903"
"274","BOL","NY.GDP.MKTP.CD","2021","47877892402.3155"
"275","BOL","NY.GDP.MKTP.CD","2020","42313784081.0420"
"276","BOL","NY.GDP.MKTP.CD","2019","49056643589.0014"
"277","BOL","NY.GDP.MKTP.CD","2018","48414038842.2576"
"278","BOL","NY.GDP.MKTP.CD","2017","45927439594.7902"
"279","BOL","NY.GDP.MKTP.CD","2016","33941126193.9219"
"280","BOL","NY.GDP.MKTP.CD","2015","33000198248.9146"
"281","BOL","NY.GDP.MKTP.CD","2014","32996188017.3661"
"282","BIH","NY.GDP.MKTP.CD","2025","32599982936.3931"
"283","BIH","NY.GDP.MKTP.CD","2024","29737363103.0492"
"284","BIH","NY.GDP.MKTP.CD","2023","27592361498.4057"
"285","BIH","NY.GDP.MKTP.CD","2022","24534663636.1778"
"286","BIH","NY.GDP.MKTP.CD","2021","23672712121.2671"
"287","BIH","NY.GDP.MKTP.CD","2020","20226038369.9191"
"288","BIH","NY.GDP.MKTP.CD","2019","20482608984.3316"
"289","BIH","NY.GDP.MKTP.CD","2018","20484058033.1144"
"290","BIH","NY.GDP.MKTP.CD","2017","18326373135.6099"
"291","BIH","NY.GDP.MKTP.CD","2016","17116926553.8513"
"292","BIH","NY.GDP.MKTP.CD","2015","16404348361.0926"
"293","BIH","NY.GDP.MKTP.CD","2014","18558734107.1478"
"294","BWA","NY.GDP.MKTP.CD","2025","19928479839.4476"
"295","BWA","NY.GDP.MKTP.CD","2024","19286251067.5078"
"296","BWA","NY.GDP.MKTP.CD","2023","19413614554.6944"
"297","BWA","NY.GDP.MKTP.CD","2022","20321150599.1523"
"298","BWA","NY.GDP.MKTP.CD","2021","18750182236.2211"
"299","BWA","NY.GDP.MKTP.CD","2020","14960251607.8135"
"300","BWA","NY.GDP.MKTP.CD","2019","16725908148.5481"
"301","BWA","NY.GDP.MKTP.CD","2018","17031943186.1353"
"302","BWA","NY.GDP.MKTP.CD","2017","16105155856.7708"
"303","BWA","NY.GDP.MKTP.CD","2016","15082637184.0496"
"304","BWA","NY.GDP.MKTP.CD","2015","13530748844.5050"
"305","BWA","NY.GDP.MKTP.CD","2014","15470088500.7414"
"306","BRA","NY.GDP.MKTP.CD","2025","2279920092492.1300"
"307","BRA","NY.GDP.MKTP.CD","2024","2185821610689.3100"
"308","BRA","NY.GDP.MKTP.CD","2023","2191131765684.6300"
"309","BRA","NY.GDP.MKTP.CD","2022","1951923942083.3200"
"310","BRA","NY.GDP.MKTP.CD","2021","1670647398904.9000"
"311","BRA","NY.GDP.MKTP.CD","2020","1476107231310.4900"
"312","BRA","NY.GDP.MKTP.CD","2019","1873288205059.6900"
"313","BRA","NY.GDP.MKTP.CD","2018","1916933898010.9900"
"314","BRA","NY.GDP.MKTP.CD","2017","2063514977365.6500"
"315","BRA","NY.GDP.MKTP.CD","2016","1795693482853.0100"
"316","BRA","NY.GDP.MKTP.CD","2015","1802212206814.5000"
"317","BRA","NY.GDP.MKTP.CD","2014","2456043727198.8500"
"318","BRN","NY.GDP.MKTP.CD","2025","15031980994.1121"
"319","BRN","NY.GDP.MKTP.CD","2024","15340808592.4800"
"320","BRN","NY.GDP.MKTP.CD","2023","15095084656.1634"
"321","BRN","NY.GDP.MKTP.CD","2022","16681536466.7183"
"322","BRN","NY.GDP.MKTP.CD","2021","14006496617.4458"
"323","BRN","NY.GDP.MKTP.CD","2020","12005799653.9835"
"324","BRN","NY.GDP.MKTP.CD","2019","13469235364.7032"
"325","BRN","NY.GDP.MKTP.CD","2018","13566908391.0895"
"326","BRN","NY.GDP.MKTP.CD","2017","12128168045.1245"
"327","BRN","NY.GDP.MKTP.CD","2016","11400266044.6651"
"328","BRN","NY.GDP.MKTP.CD","2015","12930296870.1247"
"329","BRN","NY.GDP.MKTP.CD","2014","17097797386.0336"
"330","BGR","NY.GDP.MKTP.CD","2025","130777235529.6060"
"331","BGR","NY.GDP.MKTP.CD","2024","113349149166.7930"
"332","BGR","NY.GDP.MKTP.CD","2023","102204457334.8220"
"333","BGR","NY.GDP.MKTP.CD","2022","90510784777.6397"
"334","BGR","NY.GDP.MKTP.CD","2021","84378926047.3002"
"335","BGR","NY.GDP.MKTP.CD","2020","70490478088.1395"
"336","BGR","NY.GDP.MKTP.CD","2019","68511235459.4907"
"337","BGR","NY.GDP.MKTP.CD","2018","66100606676.6544"
"338","BGR","NY.GDP.MKTP.CD","2017","59170671046.4798"
"339","BGR","NY.GDP.MKTP.CD","2016","53932152153.5457"
"340","BGR","NY.GDP.MKTP.CD","2015","50768512172.9373"
"341","BGR","NY.GDP.MKTP.CD","2014","57083817239.8145"
"342","BFA","NY.GDP.MKTP.CD","2025","27627297461.3181"
"343","BFA","NY.GDP.MKTP.CD","2024","23136514855.7646"
"344","BFA","NY.GDP.MKTP.CD","2023","20106062971.6533"
"345","BFA","NY.GDP.MKTP.CD","2022","18622421394.6133"
"346","BFA","NY.GDP.MKTP.CD","2021","19697516284.3787"
"347","BFA","NY.GDP.MKTP.CD","2020","17725010532.5268"
"348","BFA","NY.GDP.MKTP.CD","2019","16032813503.3707"
"349","BFA","NY.GDP.MKTP.CD","2018","15890066221.2882"
"350","BFA","NY.GDP.MKTP.CD","2017","14106955615.3442"
"351","BFA","NY.GDP.MKTP.CD","2016","12833363045.3367"
"352","BFA","NY.GDP.MKTP.CD","2015","11832159315.6298"
"353","BFA","NY.GDP.MKTP.CD","2014","13943016076.7436"
"354","BDI","NY.GDP.MKTP.CD","2025","3364713864.0849"
"355","BDI","NY.GDP.MKTP.CD","2024","3037579858.3814"
"356","BDI","NY.GDP.MKTP.CD","2023","3419558408.3541"
"357","BDI","NY.GDP.MKTP.CD","2022","4020736756.6426"
"358","BDI","NY.GDP.MKTP.CD","2021","3425127990.7052"
"359","BDI","NY.GDP.MKTP.CD","2020","3188355943.6351"
"360","BDI","NY.GDP.MKTP.CD","2019","2871555326.3103"
"361","BDI","NY.GDP.MKTP.CD","2018","2913411408.4478"
"362","BDI","NY.GDP.MKTP.CD","2017","2831362208.3404"
"363","BDI","NY.GDP.MKTP.CD","2016","2618093125.1469"
"364","BDI","NY.GDP.MKTP.CD","2015","2810532912.4998"
"365","BDI","NY.GDP.MKTP.CD","2014","2705826648.2102"
"366","CPV","NY.GDP.MKTP.CD","2025","3056630435.3246"
"367","CPV","NY.GDP.MKTP.CD","2024","2713721857.3915"
"368","CPV","NY.GDP.MKTP.CD","2023","2504525537.5107"
"369","CPV","NY.GDP.MKTP.CD","2022","2247003344.3424"
"370","CPV","NY.GDP.MKTP.CD","2021","2051842618.7054"
"371","CPV","NY.GDP.MKTP.CD","2020","1821565613.6861"
"372","CPV","NY.GDP.MKTP.CD","2019","2252177124.3240"
"373","CPV","NY.GDP.MKTP.CD","2018","2205099506.9999"
"374","CPV","NY.GDP.MKTP.CD","2017","1996741539.9509"
"375","CPV","NY.GDP.MKTP.CD","2016","1849789985.9957"
"376","CPV","NY.GDP.MKTP.CD","2015","1749857620.3533"
"377","CPV","NY.GDP.MKTP.CD","2014","2041930125.4298"
"378","KHM","NY.GDP.MKTP.CD","2025","51267065842.9641"
"379","KHM","NY.GDP.MKTP.CD","2024","46352647037.2406"
"380","KHM","NY.GDP.MKTP.CD","2023","42335646895.7984"
"381","KHM","NY.GDP.MKTP.CD","2022","39994532959.6074"
"382","KHM","NY.GDP.MKTP.CD","2021","36790163687.4421"
"383","KHM","NY.GDP.MKTP.CD","2020","34818073901.4851"
"384","KHM","NY.GDP.MKTP.CD","2019","36685356407.7206"
"385","KHM","NY.GDP.MKTP.CD","2018","33145892168.8958"
"386","KHM","NY.GDP.MKTP.CD","2017","29355665909.7905"
"387","KHM","NY.GDP.MKTP.CD","2016","26556545153.3573"
"388","KHM","NY.GDP.MKTP.CD","2015","24174170369.0738"
"389","KHM","NY.GDP.MKTP.CD","2014","22041463967.9009"
"390","CMR","NY.GDP.MKTP.CD","2025","58933453923.7610"
"391","CMR","NY.GDP.MKTP.CD","2024","53296694320.2057"
"392","CMR","NY.GDP.MKTP.CD","2023","48814501547.4313"
"393","CMR","NY.GDP.MKTP.CD","2022","44347206072.5513"
"394","CMR","NY.GDP.MKTP.CD","2021","45011937346.8384"
"395","CMR","NY.GDP.MKTP.CD","2020","40773241177.0505"
"396","CMR","NY.GDP.MKTP.CD","2019","39667757527.6578"
"397","CMR","NY.GDP.MKTP.CD","2018","39955552189.7950"
"398","CMR","NY.GDP.MKTP.CD","2017","36098547033.1655"
"399","CMR","NY.GDP.MKTP.CD","2016","33814337044.3765"
"400","CMR","NY.GDP.MKTP.CD","2015","32210233020.4569"
"401","CMR","NY.GDP.MKTP.CD","2014","36386544706.0806"
"402","CAN","NY.GDP.MKTP.CD","2025","2319899772425.9200"
"403","CAN","NY.GDP.MKTP.CD","2024","2270076189683.4600"
"404","CAN","NY.GDP.MKTP.CD","2023","2196593836347.4200"
"405","CAN","NY.GDP.MKTP.CD","2022","2200562785046.3200"
"406","CAN","NY.GDP.MKTP.CD","2021","2022377950896.7800"
"407","CAN","NY.GDP.MKTP.CD","2020","1655686966881.9900"
"408","CAN","NY.GDP.MKTP.CD","2019","1743728952156.8500"
"409","CAN","NY.GDP.MKTP.CD","2018","1725330736237.6900"
"410","CAN","NY.GDP.MKTP.CD","2017","1649269496514.6200"
"411","CAN","NY.GDP.MKTP.CD","2016","1527996250640.9200"
"412","CAN","NY.GDP.MKTP.CD","2015","1556510380200.2300"
"413","CAN","NY.GDP.MKTP.CD","2014","1805751688808.9800"
"414","CYM","NY.GDP.MKTP.CD","2024","7765336505.3432"
"415","CYM","NY.GDP.MKTP.CD","2023","7308564549.2868"
"416","CYM","NY.GDP.MKTP.CD","2022","6653516041.4393"
"417","CYM","NY.GDP.MKTP.CD","2021","6060813808.1507"
"418","CYM","NY.GDP.MKTP.CD","2020","5655357984.2422"
"419","CYM","NY.GDP.MKTP.CD","2019","5941896607.5864"
"420","CYM","NY.GDP.MKTP.CD","2018","5530178440.7138"
"421","CYM","NY.GDP.MKTP.CD","2017","5166281305.1252"
"422","CYM","NY.GDP.MKTP.CD","2016","4909322237.2890"
"423","CYM","NY.GDP.MKTP.CD","2015","4708167232.6689"
"424","CYM","NY.GDP.MKTP.CD","2014","4562853611.4145"
"425","CAF","NY.GDP.MKTP.CD","2025","3066109226.4017"
"426","CAF","NY.GDP.MKTP.CD","2024","2751494281.0689"
"427","CAF","NY.GDP.MKTP.CD","2023","2555492085.9473"
"428","CAF","NY.GDP.MKTP.CD","2022","2382618615.0169"
"429","CAF","NY.GDP.MKTP.CD","2021","2516498412.4638"
"430","CAF","NY.GDP.MKTP.CD","2020","2326720900.3805"
"431","CAF","NY.GDP.MKTP.CD","2019","2221301351.4392"
"432","CAF","NY.GDP.MKTP.CD","2018","2220979146.1124"
"433","CAF","NY.GDP.MKTP.CD","2017","2072349972.6818"
"434","CAF","NY.GDP.MKTP.CD","2016","1825018144.6560"
"435","CAF","NY.GDP.MKTP.CD","2015","1695825714.1928"
"436","CAF","NY.GDP.MKTP.CD","2014","1894813389.4033"
"437","TCD","NY.GDP.MKTP.CD","2025","21472835225.4338"
"438","TCD","NY.GDP.MKTP.CD","2024","19906706689.7582"
"439","TCD","NY.GDP.MKTP.CD","2023","18352937976.2179"
"440","TCD","NY.GDP.MKTP.CD","2022","17828508289.6049"
"441","TCD","NY.GDP.MKTP.CD","2021","16871937697.5854"
"442","TCD","NY.GDP.MKTP.CD","2020","14932897821.2387"
"443","TCD","NY.GDP.MKTP.CD","2019","14905517742.8454"
"444","TCD","NY.GDP.MKTP.CD","2018","15327000248.8701"
"445","TCD","NY.GDP.MKTP.CD","2017","13349041408.7152"
"446","TCD","NY.GDP.MKTP.CD","2016","13026289835.7789"
"447","TCD","NY.GDP.MKTP.CD","2015","14559599499.5011"
"448","TCD","NY.GDP.MKTP.CD","2014","18144336903.7175"
"449","CHI","NY.GDP.MKTP.CD","2023","12507320838.3932"
"450","CHI","NY.GDP.MKTP.CD","2022","11308272505.1830"
"451","CHI","NY.GDP.MKTP.CD","2021","11157540109.8939"
"452","CHI","NY.GDP.MKTP.CD","2020","9439810769.2308"
"453","CHI","NY.GDP.MKTP.CD","2019","10031864649.0819"
"454","CHI","NY.GDP.MKTP.CD","2018","10026394043.6136"
"455","CHI","NY.GDP.MKTP.CD","2017","9170044517.2026"
"456","CHI","NY.GDP.MKTP.CD","2016","9168857222.3257"
"457","CHI","NY.GDP.MKTP.CD","2015","10109273770.3290"
"458","CHI","NY.GDP.MKTP.CD","2014","10527973277.6068"
"459","CHL","NY.GDP.MKTP.CD","2025","357371159574.8620"
"460","CHL","NY.GDP.MKTP.CD","2024","329260633698.7260"
"461","CHL","NY.GDP.MKTP.CD","2023","335802745366.3800"
"462","CHL","NY.GDP.MKTP.CD","2022","301099244104.0030"
"463","CHL","NY.GDP.MKTP.CD","2021","315507493783.2620"
"464","CHL","NY.GDP.MKTP.CD","2020","254103710483.3240"
"465","CHL","NY.GDP.MKTP.CD","2019","278308438545.1180"
"466","CHL","NY.GDP.MKTP.CD","2018","295857562991.7090"
"467","CHL","NY.GDP.MKTP.CD","2017","276154259981.0970"
"468","CHL","NY.GDP.MKTP.CD","2016","249344863928.4380"
"469","CHL","NY.GDP.MKTP.CD","2015","242450355830.8840"
"470","CHL","NY.GDP.MKTP.CD","2014","259560978224.3590"
"471","CHN","NY.GDP.MKTP.CD","2025","19498039388042.6000"
"472","CHN","NY.GDP.MKTP.CD","2024","18729668435848.0000"
"473","CHN","NY.GDP.MKTP.CD","2023","18270356654533.2000"
"474","CHN","NY.GDP.MKTP.CD","2022","18316765021690.2000"
"475","CHN","NY.GDP.MKTP.CD","2021","18201698719564.0000"
"476","CHN","NY.GDP.MKTP.CD","2020","14996414166715.1000"
"477","CHN","NY.GDP.MKTP.CD","2019","14560167101283.4000"
"478","CHN","NY.GDP.MKTP.CD","2018","14147765772963.8000"
"479","CHN","NY.GDP.MKTP.CD","2017","12537559062282.9000"
"480","CHN","NY.GDP.MKTP.CD","2016","11456024084962.0000"
"481","CHN","NY.GDP.MKTP.CD","2015","11280814787468.9000"
"482","CHN","NY.GDP.MKTP.CD","2014","10674533168257.4000"
"483","COL","NY.GDP.MKTP.CD","2025","457410034202.5230"
"484","COL","NY.GDP.MKTP.CD","2024","420504033143.2110"
"485","COL","NY.GDP.MKTP.CD","2023","366901643683.3020"
"486","COL","NY.GDP.MKTP.CD","2022","345632492851.4480"
"487","COL","NY.GDP.MKTP.CD","2021","318524633225.3950"
"488","COL","NY.GDP.MKTP.CD","2020","270348342541.4650"
"489","COL","NY.GDP.MKTP.CD","2019","323031701192.8400"
"490","COL","NY.GDP.MKTP.CD","2018","334198218098.2760"
"491","COL","NY.GDP.MKTP.CD","2017","311866875156.8790"
"492","COL","NY.GDP.MKTP.CD","2016","282720100286.2280"
"493","COL","NY.GDP.MKTP.CD","2015","293492370193.1660"
"494","COL","NY.GDP.MKTP.CD","2014","381240864422.4070"
"495","COM","NY.GDP.MKTP.CD","2025","1814920856.2703"
"496","COM","NY.GDP.MKTP.CD","2024","1610082688.2662"
"497","COM","NY.GDP.MKTP.CD","2023","1465977684.3131"
"498","COM","NY.GDP.MKTP.CD","2022","1279542248.9629"
"499","COM","NY.GDP.MKTP.CD","2021","1299039312.2228"
"500","COM","NY.GDP.MKTP.CD","2020","1225039196.6109"
"501","COM","NY.GDP.MKTP.CD","2019","1195019531.9011"
"502","COM","NY.GDP.MKTP.CD","2018","1188797449.3858"
"503","COM","NY.GDP.MKTP.CD","2017","1077439756.5945"
"504","COM","NY.GDP.MKTP.CD","2016","1012835493.1933"
"505","COM","NY.GDP.MKTP.CD","2015","966029600.8622"
"506","COM","NY.GDP.MKTP.CD","2014","1149587562.0675"
"507","COD","NY.GDP.MKTP.CD","2025","91030531316.9936"
"508","COD","NY.GDP.MKTP.CD","2024","75716176105.0704"
"509","COD","NY.GDP.MKTP.CD","2023","69843655425.2929"
"510","COD","NY.GDP.MKTP.CD","2022","70422346142.2023"
"511","COD","NY.GDP.MKTP.CD","2021","59067289573.5102"
"512","COD","NY.GDP.MKTP.CD","2020","46691989748.9186"
"513","COD","NY.GDP.MKTP.CD","2019","46845900350.0332"
"514","COD","NY.GDP.MKTP.CD","2018","46659954092.4862"
"515","COD","NY.GDP.MKTP.CD","2017","37537521565.5308"
"516","COD","NY.GDP.MKTP.CD","2016","38600224214.4728"
"517","COD","NY.GDP.MKTP.CD","2015","40179574490.3032"
"518","COD","NY.GDP.MKTP.CD","2014","38352980552.8665"
"519","COG","NY.GDP.MKTP.CD","2025","16306633778.7650"
"520","COG","NY.GDP.MKTP.CD","2024","15719986076.6464"
"521","COG","NY.GDP.MKTP.CD","2023","15321055822.5167"
"522","COG","NY.GDP.MKTP.CD","2022","15817030154.6941"
"523","COG","NY.GDP.MKTP.CD","2021","14825690210.9157"
"524","COG","NY.GDP.MKTP.CD","2020","11468687464.0046"
"525","COG","NY.GDP.MKTP.CD","2019","13976637779.9763"
"526","COG","NY.GDP.MKTP.CD","2018","14773900288.5135"
"527","COG","NY.GDP.MKTP.CD","2017","11834473039.3645"
"528","COG","NY.GDP.MKTP.CD","2016","10931328150.8478"
"529","COG","NY.GDP.MKTP.CD","2015","12434793867.3568"
"530","COG","NY.GDP.MKTP.CD","2014","17919321078.0284"
"531","CRI","NY.GDP.MKTP.CD","2025","102904921157.4780"
"532","CRI","NY.GDP.MKTP.CD","2024","96715644330.6612"
"533","CRI","NY.GDP.MKTP.CD","2023","87512637055.7736"
"534","CRI","NY.GDP.MKTP.CD","2022","71001226360.8008"
"535","CRI","NY.GDP.MKTP.CD","2021","65588938787.0243"
"536","CRI","NY.GDP.MKTP.CD","2020","62806591554.7345"
"537","CRI","NY.GDP.MKTP.CD","2019","64753504730.0180"
"538","CRI","NY.GDP.MKTP.CD","2018","62567765946.2665"
"539","CRI","NY.GDP.MKTP.CD","2017","60516044660.7496"
"540","CRI","NY.GDP.MKTP.CD","2016","58847019587.6260"
"541","CRI","NY.GDP.MKTP.CD","2015","56441920888.4250"
"542","CRI","NY.GDP.MKTP.CD","2014","52016408816.1842"
"543","CIV","NY.GDP.MKTP.CD","2025","99773555666.1988"
"544","CIV","NY.GDP.MKTP.CD","2024","87113179149.2840"
"545","CIV","NY.GDP.MKTP.CD","2023","80780312569.1646"
"546","CIV","NY.GDP.MKTP.CD","2022","70922824813.9102"
"547","CIV","NY.GDP.MKTP.CD","2021","72794636653.7793"
"548","CIV","NY.GDP.MKTP.CD","2020","63027852805.4204"
"549","CIV","NY.GDP.MKTP.CD","2019","60382894697.3557"
"550","CIV","NY.GDP.MKTP.CD","2018","58522477786.6889"
"551","CIV","NY.GDP.MKTP.CD","2017","52512343996.6900"
"552","CIV","NY.GDP.MKTP.CD","2016","48407761036.8238"
"553","CIV","NY.GDP.MKTP.CD","2015","45815005169.2651"
"554","CIV","NY.GDP.MKTP.CD","2014","48843005613.7091"
"555","HRV","NY.GDP.MKTP.CD","2025","105060182186.2740"
"556","HRV","NY.GDP.MKTP.CD","2024","92981894167.9687"
"557","HRV","NY.GDP.MKTP.CD","2023","85621337533.3348"
"558","HRV","NY.GDP.MKTP.CD","2022","71196460236.6301"
"559","HRV","NY.GDP.MKTP.CD","2021","69002262504.9821"
"560","HRV","NY.GDP.MKTP.CD","2020","57959824238.1808"
"561","HRV","NY.GDP.MKTP.CD","2019","61467261345.0120"
"562","HRV","NY.GDP.MKTP.CD","2018","61668280700.0968"
"563","HRV","NY.GDP.MKTP.CD","2017","56182225079.1072"
"564","HRV","NY.GDP.MKTP.CD","2016","52650804052.1394"
"565","HRV","NY.GDP.MKTP.CD","2015","50999271058.5849"
"566","HRV","NY.GDP.MKTP.CD","2014","59607109597.2123"
"567","CUB","NY.GDP.MKTP.CD","2020","107352000000.0000"
"568","CUB","NY.GDP.MKTP.CD","2019","103427600000.0000"
"569","CUB","NY.GDP.MKTP.CD","2018","100050036100.0000"
"570","CUB","NY.GDP.MKTP.CD","2017","96850649700.0000"
"571","CUB","NY.GDP.MKTP.CD","2016","91370407900.0000"
"572","CUB","NY.GDP.MKTP.CD","2015","87132800000.0000"
"573","CUB","NY.GDP.MKTP.CD","2014","80656100000.0000"
"574","CUW","NY.GDP.MKTP.CD","2024","3561178212.2905"
"575","CUW","NY.GDP.MKTP.CD","2023","3281419329.6089"
"576","CUW","NY.GDP.MKTP.CD","2022","3075180837.9888"
"577","CUW","NY.GDP.MKTP.CD","2021","2739594357.5419"
"578","CUW","NY.GDP.MKTP.CD","2020","2534327597.7654"
"579","CUW","NY.GDP.MKTP.CD","2019","3026124134.0782"
"580","CUW","NY.GDP.MKTP.CD","2018","3046364804.4693"
"581","CUW","NY.GDP.MKTP.CD","2017","3033433240.2235"
"582","CUW","NY.GDP.MKTP.CD","2016","3024690167.5978"
"583","CUW","NY.GDP.MKTP.CD","2015","3058779217.8771"
"584","CUW","NY.GDP.MKTP.CD","2014","3059406983.2402"
"585","CYP","NY.GDP.MKTP.CD","2025","41225787247.3309"
"586","CYP","NY.GDP.MKTP.CD","2024","37634551820.7367"
"587","CYP","NY.GDP.MKTP.CD","2023","35075440602.5202"
"588","CYP","NY.GDP.MKTP.CD","2022","31218047043.8386"
"589","CYP","NY.GDP.MKTP.CD","2021","30372637513.1352"
"590","CYP","NY.GDP.MKTP.CD","2020","25555082266.6429"
"591","CYP","NY.GDP.MKTP.CD","2019","26196660680.1176"
"592","CYP","NY.GDP.MKTP.CD","2018","25754011492.2204"
"593","CYP","NY.GDP.MKTP.CD","2017","22946583375.5506"
"594","CYP","NY.GDP.MKTP.CD","2016","21046452117.3759"
"595","CYP","NY.GDP.MKTP.CD","2015","19909269064.8473"
"596","CYP","NY.GDP.MKTP.CD","2014","23225912183.4991"
"597","CZE","NY.GDP.MKTP.CD","2025","391026962800.4750"
"598","CZE","NY.GDP.MKTP.CD","2024","347082562221.3770"
"599","CZE","NY.GDP.MKTP.CD","2023","345059295659.9110"
"600","CZE","NY.GDP.MKTP.CD","2022","301831228325.5560"
"601","CZE","NY.GDP.MKTP.CD","2021","290972714482.3130"
"602","CZE","NY.GDP.MKTP.CD","2020","251109660602.5360"
"603","CZE","NY.GDP.MKTP.CD","2019","256794209028.7700"
"604","CZE","NY.GDP.MKTP.CD","2018","251992360762.2360"
"605","CZE","NY.GDP.MKTP.CD","2017","221563575696.2170"
"606","CZE","NY.GDP.MKTP.CD","2016","198160659303.9390"
"607","CZE","NY.GDP.MKTP.CD","2015","189107698561.9190"
"608","CZE","NY.GDP.MKTP.CD","2014","210911285077.6830"
"609","DNK","NY.GDP.MKTP.CD","2025","462526660468.3930"
"610","DNK","NY.GDP.MKTP.CD","2024","424524722037.0470"
"611","DNK","NY.GDP.MKTP.CD","2023","404651706117.5570"
"612","DNK","NY.GDP.MKTP.CD","2022","400114306337.0770"
"613","DNK","NY.GDP.MKTP.CD","2021","406110162088.0540"
"614","DNK","NY.GDP.MKTP.CD","2020","355631021931.6210"
"615","DNK","NY.GDP.MKTP.CD","2019","345401473012.6150"
"616","DNK","NY.GDP.MKTP.CD","2018","355293374912.3930"
"617","DNK","NY.GDP.MKTP.CD","2017","331610593961.9880"
"618","DNK","NY.GDP.MKTP.CD","2016","312181849372.2330"
"619","DNK","NY.GDP.MKTP.CD","2015","301758922337.6370"
"620","DNK","NY.GDP.MKTP.CD","2014","352832602064.4520"
"621","DJI","NY.GDP.MKTP.CD","2025","4624533092.3189"
"622","DJI","NY.GDP.MKTP.CD","2024","4152145939.9846"
"623","DJI","NY.GDP.MKTP.CD","2023","3898447007.3880"
"624","DJI","NY.GDP.MKTP.CD","2022","3562814908.7615"
"625","DJI","NY.GDP.MKTP.CD","2021","3392796953.0894"
"626","DJI","NY.GDP.MKTP.CD","2020","3144136196.6228"
"627","DJI","NY.GDP.MKTP.CD","2019","3088851450.3069"
"628","DJI","NY.GDP.MKTP.CD","2018","2913464658.0877"
"629","DJI","NY.GDP.MKTP.CD","2017","2762581334.2261"
"630","DJI","NY.GDP.MKTP.CD","2016","2604955228.7012"
"631","DJI","NY.GDP.MKTP.CD","2015","2424391785.4390"
"632","DJI","NY.GDP.MKTP.CD","2014","2220637966.2505"
"633","DMA","NY.GDP.MKTP.CD","2025","723859259.2593"
"634","DMA","NY.GDP.MKTP.CD","2024","688881481.4815"
"635","DMA","NY.GDP.MKTP.CD","2023","659311111.1111"
"636","DMA","NY.GDP.MKTP.CD","2022","623062962.9630"
"637","DMA","NY.GDP.MKTP.CD","2021","562911111.1111"
"638","DMA","NY.GDP.MKTP.CD","2020","528944444.4444"
"639","DMA","NY.GDP.MKTP.CD","2019","644259259.2593"
"640","DMA","NY.GDP.MKTP.CD","2018","628244444.4444"
"641","DMA","NY.GDP.MKTP.CD","2017","563355555.5556"
"642","DMA","NY.GDP.MKTP.CD","2016","612711111.1111"
"643","DMA","NY.GDP.MKTP.CD","2015","583177777.7778"
"644","DMA","NY.GDP.MKTP.CD","2014","572255555.5556"
"645","DOM","NY.GDP.MKTP.CD","2025","127407463759.0430"
"646","DOM","NY.GDP.MKTP.CD","2024","124282245638.5680"
"647","DOM","NY.GDP.MKTP.CD","2023","120456239153.7390"
"648","DOM","NY.GDP.MKTP.CD","2022","113478103598.4990"
"649","DOM","NY.GDP.MKTP.CD","2021","94850719516.7127"
"650","DOM","NY.GDP.MKTP.CD","2020","78546672406.8291"
"651","DOM","NY.GDP.MKTP.CD","2019","89146130744.7230"
"652","DOM","NY.GDP.MKTP.CD","2018","84994732049.3461"
"653","DOM","NY.GDP.MKTP.CD","2017","79070274743.1658"
"654","DOM","NY.GDP.MKTP.CD","2016","75552902635.7075"
"655","DOM","NY.GDP.MKTP.CD","2015","70966782572.4386"
"656","DOM","NY.GDP.MKTP.CD","2014","67014329099.5549"
"657","ECU","NY.GDP.MKTP.CD","2025","130320560400.0000"
"658","ECU","NY.GDP.MKTP.CD","2024","123802374000.0000"
"659","ECU","NY.GDP.MKTP.CD","2023","120792801000.0000"
"660","ECU","NY.GDP.MKTP.CD","2022","116133121000.0000"
"661","ECU","NY.GDP.MKTP.CD","2021","107179074000.0000"
"662","ECU","NY.GDP.MKTP.CD","2020","95865473000.0000"
"663","ECU","NY.GDP.MKTP.CD","2019","107595830000.0000"
"664","ECU","NY.GDP.MKTP.CD","2018","107478961000.0000"
"665","ECU","NY.GDP.MKTP.CD","2017","104467486000.0000"
"666","ECU","NY.GDP.MKTP.CD","2016","97671433000.0000"
"667","ECU","NY.GDP.MKTP.CD","2015","97209558000.0000"
"668","ECU","NY.GDP.MKTP.CD","2014","102717794000.0000"
"669","EGY","NY.GDP.MKTP.CD","2025","365254630179.7370"
"670","EGY","NY.GDP.MKTP.CD","2024","389059910593.1000"
"671","EGY","NY.GDP.MKTP.CD","2023","395926071447.5910"
"672","EGY","NY.GDP.MKTP.CD","2022","476747720364.7420"
"673","EGY","NY.GDP.MKTP.CD","2021","424671765455.7040"
"674","EGY","NY.GDP.MKTP.CD","2020","383817841547.0990"
"675","EGY","NY.GDP.MKTP.CD","2019","318678815489.7490"
"676","EGY","NY.GDP.MKTP.CD","2018","262588632526.7300"
"677","EGY","NY.GDP.MKTP.CD","2017","248362771739.1300"
"678","EGY","NY.GDP.MKTP.CD","2016","332441717791.4110"
"679","EGY","NY.GDP.MKTP.CD","2015","329366576819.4070"
"680","EGY","NY.GDP.MKTP.CD","2014","305595408895.2650"
"681","SLV","NY.GDP.MKTP.CD","2025","36708110000.0000"
"682","SLV","NY.GDP.MKTP.CD","2024","34879730000.0000"
"683","SLV","NY.GDP.MKTP.CD","2023","33565430000.0000"
"684","SLV","NY.GDP.MKTP.CD","2022","31870110000.0000"
"685","SLV","NY.GDP.MKTP.CD","2021","29043140000.0000"
"686","SLV","NY.GDP.MKTP.CD","2020","24921190000.0000"
"687","SLV","NY.GDP.MKTP.CD","2019","26881140000.0000"
"688","SLV","NY.GDP.MKTP.CD","2018","26020850000.0000"
"689","SLV","NY.GDP.MKTP.CD","2017","24979190000.0000"
"690","SLV","NY.GDP.MKTP.CD","2016","24191430000.0000"
"691","SLV","NY.GDP.MKTP.CD","2015","23438240000.0000"
"692","SLV","NY.GDP.MKTP.CD","2014","22593470000.0000"
"693","GNQ","NY.GDP.MKTP.CD","2025","12823210425.9217"
"694","GNQ","NY.GDP.MKTP.CD","2024","13254388261.1258"
"695","GNQ","NY.GDP.MKTP.CD","2023","12541814272.8021"
"696","GNQ","NY.GDP.MKTP.CD","2022","13687643435.6249"
"697","GNQ","NY.GDP.MKTP.CD","2021","12215878032.7166"
"698","GNQ","NY.GDP.MKTP.CD","2020","9893816007.7398"
"699","GNQ","NY.GDP.MKTP.CD","2019","11364133549.7478"
"700","GNQ","NY.GDP.MKTP.CD","2018","13097012133.6159"
"701","GNQ","NY.GDP.MKTP.CD","2017","12200913878.9827"
"702","GNQ","NY.GDP.MKTP.CD","2016","11240808847.8878"
"703","GNQ","NY.GDP.MKTP.CD","2015","13185496881.0174"
"704","GNQ","NY.GDP.MKTP.CD","2014","21765453081.9826"
"705","EST","NY.GDP.MKTP.CD","2025","47030833798.5866"
"706","EST","NY.GDP.MKTP.CD","2024","43130419829.3500"
"707","EST","NY.GDP.MKTP.CD","2023","41470344395.1086"
"708","EST","NY.GDP.MKTP.CD","2022","38226641740.2900"
"709","EST","NY.GDP.MKTP.CD","2021","37201101170.5847"
"710","EST","NY.GDP.MKTP.CD","2020","31820771493.8974"
"711","EST","NY.GDP.MKTP.CD","2019","31873748770.0313"
"712","EST","NY.GDP.MKTP.CD","2018","31222632740.7247"
"713","EST","NY.GDP.MKTP.CD","2017","27469461919.1189"
"714","EST","NY.GDP.MKTP.CD","2016","24561027787.7896"
"715","EST","NY.GDP.MKTP.CD","2015","23311847750.9394"
"716","EST","NY.GDP.MKTP.CD","2014","27055689003.0038"
"717","SWZ","NY.GDP.MKTP.CD","2025","5160679612.8173"
"718","SWZ","NY.GDP.MKTP.CD","2024","4858885840.7724"
"719","SWZ","NY.GDP.MKTP.CD","2023","4621191261.8421"
"720","SWZ","NY.GDP.MKTP.CD","2022","4746660273.5083"
"721","SWZ","NY.GDP.MKTP.CD","2021","4807069277.2011"
"722","SWZ","NY.GDP.MKTP.CD","2020","4134677809.5010"
"723","SWZ","NY.GDP.MKTP.CD","2019","4617018958.6909"
"724","SWZ","NY.GDP.MKTP.CD","2018","4643751059.2820"
"725","SWZ","NY.GDP.MKTP.CD","2017","4462640651.4922"
"726","SWZ","NY.GDP.MKTP.CD","2016","3722306116.7287"
"727","SWZ","NY.GDP.MKTP.CD","2015","3908217914.2182"
"728","SWZ","NY.GDP.MKTP.CD","2014","4285065665.0317"
"729","ETH","NY.GDP.MKTP.CD","2025","126358758448.3560"
"730","ETH","NY.GDP.MKTP.CD","2024","149740297952.3750"
"731","ETH","NY.GDP.MKTP.CD","2023","135874093203.1800"
"732","ETH","NY.GDP.MKTP.CD","2022","123140304665.3990"
"733","ETH","NY.GDP.MKTP.CD","2021","109070960370.9720"
"734","ETH","NY.GDP.MKTP.CD","2020","98676811061.9985"
"735","ETH","NY.GDP.MKTP.CD","2019","91834517113.6386"
"736","ETH","NY.GDP.MKTP.CD","2018","83337901071.9697"
"737","ETH","NY.GDP.MKTP.CD","2017","76366081766.6667"
"738","ETH","NY.GDP.MKTP.CD","2016","68475871209.6070"
"739","ETH","NY.GDP.MKTP.CD","2015","62103418181.8182"
"740","ETH","NY.GDP.MKTP.CD","2014","55612228233.5179"
"741","FRO","NY.GDP.MKTP.CD","2024","4052937169.7654"
"742","FRO","NY.GDP.MKTP.CD","2023","3943131022.2291"
"743","FRO","NY.GDP.MKTP.CD","2022","3615241800.5006"
"744","FRO","NY.GDP.MKTP.CD","2021","3699551717.1056"
"745","FRO","NY.GDP.MKTP.CD","2020","3271813311.5831"
"746","FRO","NY.GDP.MKTP.CD","2019","3266432734.2282"
"747","FRO","NY.GDP.MKTP.CD","2018","3188600927.4669"
"748","FRO","NY.GDP.MKTP.CD","2017","2980057377.8797"
"749","FRO","NY.GDP.MKTP.CD","2016","2813278868.7821"
"750","FRO","NY.GDP.MKTP.CD","2015","2573905971.0546"
"751","FRO","NY.GDP.MKTP.CD","2014","2914012679.2728"
"752","FJI","NY.GDP.MKTP.CD","2025","6198013062.0655"
"753","FJI","NY.GDP.MKTP.CD","2024","5968125909.2713"
"754","FJI","NY.GDP.MKTP.CD","2023","5476673518.1379"
"755","FJI","NY.GDP.MKTP.CD","2022","4977861885.6032"
"756","FJI","NY.GDP.MKTP.CD","2021","4158873156.1798"
"757","FJI","NY.GDP.MKTP.CD","2020","4227719873.3865"
"758","FJI","NY.GDP.MKTP.CD","2019","5344907153.4670"
"759","FJI","NY.GDP.MKTP.CD","2018","5581425327.4440"
"760","FJI","NY.GDP.MKTP.CD","2017","5353469174.4784"
"761","FJI","NY.GDP.MKTP.CD","2016","4930213644.3665"
"762","FJI","NY.GDP.MKTP.CD","2015","4682479893.9756"
"763","FJI","NY.GDP.MKTP.CD","2014","4857104768.8684"
"764","FIN","NY.GDP.MKTP.CD","2025","317039368819.6070"
"765","FIN","NY.GDP.MKTP.CD","2024","298729432711.7190"
"766","FIN","NY.GDP.MKTP.CD","2023","295191741637.2600"
"767","FIN","NY.GDP.MKTP.CD","2022","280253099309.3400"
"768","FIN","NY.GDP.MKTP.CD","2021","294223210496.1190"
"769","FIN","NY.GDP.MKTP.CD","2020","270000311606.2260"
"770","FIN","NY.GDP.MKTP.CD","2019","267014821129.4110"
"771","FIN","NY.GDP.MKTP.CD","2018","273869255596.0780"
"772","FIN","NY.GDP.MKTP.CD","2017","253846138440.0000"
"773","FIN","NY.GDP.MKTP.CD","2016","238777818792.6080"
"774","FIN","NY.GDP.MKTP.CD","2015","233210733506.2500"
"775","FIN","NY.GDP.MKTP.CD","2014","273478528954.9010"
"776","FRA","NY.GDP.MKTP.CD","2025","3366315927447.3300"
"777","FRA","NY.GDP.MKTP.CD","2024","3160442622465.0800"
"778","FRA","NY.GDP.MKTP.CD","2023","3056250648138.2900"
"779","FRA","NY.GDP.MKTP.CD","2022","2794788137066.9400"
"780","FRA","NY.GDP.MKTP.CD","2021","2966433692008.0900"
"781","FRA","NY.GDP.MKTP.CD","2020","2647926055110.0500"
"782","FRA","NY.GDP.MKTP.CD","2019","2722793515171.7600"
"783","FRA","NY.GDP.MKTP.CD","2018","2781576320884.3900"
"784","FRA","NY.GDP.MKTP.CD","2017","2588868323334.7100"
"785","FRA","NY.GDP.MKTP.CD","2016","2470407619777.1300"
"786","FRA","NY.GDP.MKTP.CD","2015","2442483452642.5000"
"787","FRA","NY.GDP.MKTP.CD","2014","2861236112552.4200"
"788","PYF","NY.GDP.MKTP.CD","2024","6323716355.0501"
"789","PYF","NY.GDP.MKTP.CD","2023","6137447782.8707"
"790","PYF","NY.GDP.MKTP.CD","2022","5622688338.0632"
"791","PYF","NY.GDP.MKTP.CD","2021","5994931236.4228"
"792","PYF","NY.GDP.MKTP.CD","2020","5574821989.3824"
"793","PYF","NY.GDP.MKTP.CD","2019","6022276196.1387"
"794","PYF","NY.GDP.MKTP.CD","2018","6135116253.3345"
"795","PYF","NY.GDP.MKTP.CD","2017","5833352692.7995"
"796","PYF","NY.GDP.MKTP.CD","2016","5497036476.8031"
"797","PYF","NY.GDP.MKTP.CD","2015","5325846361.8119"
"798","PYF","NY.GDP.MKTP.CD","2014","6151996560.8429"
"799","GAB","NY.GDP.MKTP.CD","2025","21427119323.2764"
"800","GAB","NY.GDP.MKTP.CD","2024","20895684425.6752"
"801","GAB","NY.GDP.MKTP.CD","2023","19388372070.9778"
"802","GAB","NY.GDP.MKTP.CD","2022","20440655695.2290"
"803","GAB","NY.GDP.MKTP.CD","2021","19444935097.2333"
"804","GAB","NY.GDP.MKTP.CD","2020","15342236163.9943"
"805","GAB","NY.GDP.MKTP.CD","2019","16874405465.3910"
"806","GAB","NY.GDP.MKTP.CD","2018","16867326401.9626"
"807","GAB","NY.GDP.MKTP.CD","2017","14929487485.1623"
"808","GAB","NY.GDP.MKTP.CD","2016","14023890265.3665"
"809","GAB","NY.GDP.MKTP.CD","2015","14383107762.6952"
"810","GAB","NY.GDP.MKTP.CD","2014","18203966895.8433"
"811","GMB","NY.GDP.MKTP.CD","2025","2593673987.5331"
"812","GMB","NY.GDP.MKTP.CD","2024","2404888737.5485"
"813","GMB","NY.GDP.MKTP.CD","2023","2382262185.3818"
"814","GMB","NY.GDP.MKTP.CD","2022","2204734527.8810"
"815","GMB","NY.GDP.MKTP.CD","2021","2014158842.1460"
"816","GMB","NY.GDP.MKTP.CD","2020","1812170891.1907"
"817","GMB","NY.GDP.MKTP.CD","2019","1813609692.4999"
"818","GMB","NY.GDP.MKTP.CD","2018","1670671327.8165"
"819","GMB","NY.GDP.MKTP.CD","2017","1504909462.6952"
"820","GMB","NY.GDP.MKTP.CD","2016","1484578885.9713"
"821","GMB","NY.GDP.MKTP.CD","2015","1378176608.9320"
"822","GMB","NY.GDP.MKTP.CD","2014","1229461721.4086"
"823","GEO","NY.GDP.MKTP.CD","2025","38143612855.1367"
"824","GEO","NY.GDP.MKTP.CD","2024","34189423333.1410"
"825","GEO","NY.GDP.MKTP.CD","2023","30777833600.6515"
"826","GEO","NY.GDP.MKTP.CD","2022","24984568959.6050"
"827","GEO","NY.GDP.MKTP.CD","2021","18853115588.8106"
"828","GEO","NY.GDP.MKTP.CD","2020","16010869215.6800"
"829","GEO","NY.GDP.MKTP.CD","2019","17638337116.9126"
"830","GEO","NY.GDP.MKTP.CD","2018","17902544880.6471"
"831","GEO","NY.GDP.MKTP.CD","2017","16473125375.0684"
"832","GEO","NY.GDP.MKTP.CD","2016","15444548901.9637"
"833","GEO","NY.GDP.MKTP.CD","2015","15223796148.8396"
"834","GEO","NY.GDP.MKTP.CD","2014","17966015109.3043"
"835","DEU","NY.GDP.MKTP.CD","2025","5050922925047.0500"
"836","DEU","NY.GDP.MKTP.CD","2024","4685592577804.6900"
"837","DEU","NY.GDP.MKTP.CD","2023","4562207532490.2800"
"838","DEU","NY.GDP.MKTP.CD","2022","4201021706478.6200"
"839","DEU","NY.GDP.MKTP.CD","2021","4355251953410.7800"
"840","DEU","NY.GDP.MKTP.CD","2020","3941398957073.9400"
"841","DEU","NY.GDP.MKTP.CD","2019","3959894794039.2100"
"842","DEU","NY.GDP.MKTP.CD","2018","4055433215301.9600"
"843","DEU","NY.GDP.MKTP.CD","2017","3765351626105.8900"
"844","DEU","NY.GDP.MKTP.CD","2016","3536787895179.0000"
"845","DEU","NY.GDP.MKTP.CD","2015","3425099578746.0900"
"846","DEU","NY.GDP.MKTP.CD","2014","3964870735760.7700"
"847","GHA","NY.GDP.MKTP.CD","2025","114209905278.7170"
"848","GHA","NY.GDP.MKTP.CD","2024","83288585604.0268"
"849","GHA","NY.GDP.MKTP.CD","2023","80547146875.9526"
"850","GHA","NY.GDP.MKTP.CD","2022","73919003212.1998"
"851","GHA","NY.GDP.MKTP.CD","2021","79514204730.3979"
"852","GHA","NY.GDP.MKTP.CD","2020","70008243859.8666"
"853","GHA","NY.GDP.MKTP.CD","2019","68352629246.1555"
"854","GHA","NY.GDP.MKTP.CD","2018","67259353965.6087"
"855","GHA","NY.GDP.MKTP.CD","2017","60385409434.8567"
"856","GHA","NY.GDP.MKTP.CD","2016","56144179397.8516"
"857","GHA","NY.GDP.MKTP.CD","2015","49436806230.4839"
"858","GHA","NY.GDP.MKTP.CD","2014","54678533805.9064"
"859","GRC","NY.GDP.MKTP.CD","2025","280635521324.4410"
"860","GRC","NY.GDP.MKTP.CD","2024","256238371778.1180"
"861","GRC","NY.GDP.MKTP.CD","2023","242946187738.2690"
"862","GRC","NY.GDP.MKTP.CD","2022","217990189600.6900"
"863","GRC","NY.GDP.MKTP.CD","2021","218303801895.3260"
"864","GRC","NY.GDP.MKTP.CD","2020","191362985554.8610"
"865","GRC","NY.GDP.MKTP.CD","2019","207305649887.0190"
"866","GRC","NY.GDP.MKTP.CD","2018","213298873494.3940"
"867","GRC","NY.GDP.MKTP.CD","2017","200381103984.2980"
"868","GRC","NY.GDP.MKTP.CD","2016","193097239005.8700"
"869","GRC","NY.GDP.MKTP.CD","2015","194567373678.0990"
"870","GRC","NY.GDP.MKTP.CD","2014","233911581521.0620"
"871","GRL","NY.GDP.MKTP.CD","2023","3326543974.3919"
"872","GRL","NY.GDP.MKTP.CD","2022","3152334771.7799"
"873","GRL","NY.GDP.MKTP.CD","2021","3293578467.5733"
"874","GRL","NY.GDP.MKTP.CD","2020","3089625554.4047"
"875","GRL","NY.GDP.MKTP.CD","2019","2997309971.8762"
"876","GRL","NY.GDP.MKTP.CD","2018","3055782146.1596"
"877","GRL","NY.GDP.MKTP.CD","2017","2851613679.0343"
"878","GRL","NY.GDP.MKTP.CD","2016","2707139544.4670"
"879","GRL","NY.GDP.MKTP.CD","2015","2499113022.8168"
"880","GRL","NY.GDP.MKTP.CD","2014","2842065708.3596"
"881","GRD","NY.GDP.MKTP.CD","2025","1420173228.5695"
"882","GRD","NY.GDP.MKTP.CD","2024","1351270370.3704"
"883","GRD","NY.GDP.MKTP.CD","2023","1336418518.5185"
"884","GRD","NY.GDP.MKTP.CD","2022","1224007407.4074"
"885","GRD","NY.GDP.MKTP.CD","2021","1122222222.2222"
"886","GRD","NY.GDP.MKTP.CD","2020","1043411111.1111"
"887","GRD","NY.GDP.MKTP.CD","2019","1213485185.1852"
"888","GRD","NY.GDP.MKTP.CD","2018","1166514814.8148"
"889","GRD","NY.GDP.MKTP.CD","2017","1125685185.1852"
"890","GRD","NY.GDP.MKTP.CD","2016","1061640740.7407"
"891","GRD","NY.GDP.MKTP.CD","2015","997007407.4074"
"892","GRD","NY.GDP.MKTP.CD","2014","911496296.2963"
"893","GUM","NY.GDP.MKTP.CD","2022","6910000000.0000"
"894","GUM","NY.GDP.MKTP.CD","2021","6234000000.0000"
"895","GUM","NY.GDP.MKTP.CD","2020","5916000000.0000"
"896","GUM","NY.GDP.MKTP.CD","2019","6355000000.0000"
"897","GUM","NY.GDP.MKTP.CD","2018","6051000000.0000"
"898","GUM","NY.GDP.MKTP.CD","2017","6013000000.0000"
"899","GUM","NY.GDP.MKTP.CD","2016","5901000000.0000"
"900","GUM","NY.GDP.MKTP.CD","2015","5799000000.0000"
"901","GUM","NY.GDP.MKTP.CD","2014","5610000000.0000"
"902","GTM","NY.GDP.MKTP.CD","2025","123306008821.4710"
"903","GTM","NY.GDP.MKTP.CD","2024","113215575150.8850"
"904","GTM","NY.GDP.MKTP.CD","2023","104298081428.7690"
"905","GTM","NY.GDP.MKTP.CD","2022","95609727055.5754"
"906","GTM","NY.GDP.MKTP.CD","2021","86455522272.7383"
"907","GTM","NY.GDP.MKTP.CD","2020","77719468248.3666"
"908","GTM","NY.GDP.MKTP.CD","2019","77172331693.4093"
"909","GTM","NY.GDP.MKTP.CD","2018","73328356007.6152"
"910","GTM","NY.GDP.MKTP.CD","2017","71653780740.4226"
"911","GTM","NY.GDP.MKTP.CD","2016","66053408205.8838"
"912","GTM","NY.GDP.MKTP.CD","2015","62186066547.6566"
"913","GTM","NY.GDP.MKTP.CD","2014","57852159007.6243"
"914","GIN","NY.GDP.MKTP.CD","2025","28346024753.2924"
"915","GIN","NY.GDP.MKTP.CD","2024","25008678293.4073"
"916","GIN","NY.GDP.MKTP.CD","2023","22407615556.0571"
"917","GIN","NY.GDP.MKTP.CD","2022","19910452541.9219"
"918","GIN","NY.GDP.MKTP.CD","2021","17069115737.8259"
"919","GIN","NY.GDP.MKTP.CD","2020","14088693742.9464"
"920","GIN","NY.GDP.MKTP.CD","2019","13442861496.4454"
"921","GIN","NY.GDP.MKTP.CD","2018","11857030366.7891"
"922","GIN","NY.GDP.MKTP.CD","2017","10324668271.1362"
"923","GIN","NY.GDP.MKTP.CD","2016","8595955222.4972"
"924","GIN","NY.GDP.MKTP.CD","2015","8794201742.8461"
"925","GIN","NY.GDP.MKTP.CD","2014","8778473372.8212"
"926","GNB","NY.GDP.MKTP.CD","2025","2527930272.9299"
"927","GNB","NY.GDP.MKTP.CD","2024","2197777209.9422"
"928","GNB","NY.GDP.MKTP.CD","2023","2076748678.1199"
"929","GNB","NY.GDP.MKTP.CD","2022","1856239954.8156"
"930","GNB","NY.GDP.MKTP.CD","2021","1907611288.2304"
"931","GNB","NY.GDP.MKTP.CD","2020","1705062169.8142"
"932","GNB","NY.GDP.MKTP.CD","2019","1596214680.1293"
"933","GNB","NY.GDP.MKTP.CD","2018","1554133593.9170"
"934","GNB","NY.GDP.MKTP.CD","2017","1469978606.1214"
"935","GNB","NY.GDP.MKTP.CD","2016","1245074264.1040"
"936","GNB","NY.GDP.MKTP.CD","2015","1152384166.7964"
"937","GNB","NY.GDP.MKTP.CD","2014","1135250721.0374"
"938","GUY","NY.GDP.MKTP.CD","2025","27097477218.2254"
"939","GUY","NY.GDP.MKTP.CD","2024","24662714628.2974"
"940","GUY","NY.GDP.MKTP.CD","2023","16918503597.1223"
"941","GUY","NY.GDP.MKTP.CD","2022","14718388489.2086"
"942","GUY","NY.GDP.MKTP.CD","2021","8041362110.3118"
"943","GUY","NY.GDP.MKTP.CD","2020","5471256594.7242"
"944","GUY","NY.GDP.MKTP.CD","2019","5173760191.8465"
"945","GUY","NY.GDP.MKTP.CD","2018","4787636997.8534"
"946","GUY","NY.GDP.MKTP.CD","2017","4748174334.1404"
"947","GUY","NY.GDP.MKTP.CD","2016","4482697336.5617"
"948","GUY","NY.GDP.MKTP.CD","2015","4279840193.7046"
"949","GUY","NY.GDP.MKTP.CD","2014","4127660151.8087"
"950","HTI","NY.GDP.MKTP.CD","2025","32077278409.2339"
"951","HTI","NY.GDP.MKTP.CD","2024","24255657481.2502"
"952","HTI","NY.GDP.MKTP.CD","2023","19572288894.1581"
"953","HTI","NY.GDP.MKTP.CD","2022","20113007125.9300"
"954","HTI","NY.GDP.MKTP.CD","2021","20754978152.2134"
"955","HTI","NY.GDP.MKTP.CD","2020","14508222518.3018"
"956","HTI","NY.GDP.MKTP.CD","2019","15016090929.5125"
"957","HTI","NY.GDP.MKTP.CD","2018","16403864617.8458"
"958","HTI","NY.GDP.MKTP.CD","2017","15093357161.1498"
"959","HTI","NY.GDP.MKTP.CD","2016","14069277526.2278"
"960","HTI","NY.GDP.MKTP.CD","2015","14849629308.6025"
"961","HTI","NY.GDP.MKTP.CD","2014","15146883497.6331"
"962","HND","NY.GDP.MKTP.CD","2025","39601409103.3005"
"963","HND","NY.GDP.MKTP.CD","2024","36980171442.0603"
"964","HND","NY.GDP.MKTP.CD","2023","34355805527.9795"
"965","HND","NY.GDP.MKTP.CD","2022","31426041806.7985"
"966","HND","NY.GDP.MKTP.CD","2021","28144331506.6149"
"967","HND","NY.GDP.MKTP.CD","2020","23352232483.7550"
"968","HND","NY.GDP.MKTP.CD","2019","24882225741.8119"
"969","HND","NY.GDP.MKTP.CD","2018","24067750760.4990"
"970","HND","NY.GDP.MKTP.CD","2017","23136247990.5977"
"971","HND","NY.GDP.MKTP.CD","2016","21717604952.1835"
"972","HND","NY.GDP.MKTP.CD","2015","20979791685.4160"
"973","HND","NY.GDP.MKTP.CD","2014","19756533971.8698"
"974","HKG","NY.GDP.MKTP.CD","2025","427310315921.9930"
"975","HKG","NY.GDP.MKTP.CD","2024","408368682415.4230"
"976","HKG","NY.GDP.MKTP.CD","2023","380762296025.2160"
"977","HKG","NY.GDP.MKTP.CD","2022","358673532516.5290"
"978","HKG","NY.GDP.MKTP.CD","2021","368954169748.8180"
"979","HKG","NY.GDP.MKTP.CD","2020","344943149590.0580"
"980","HKG","NY.GDP.MKTP.CD","2019","363074545072.3890"
"981","HKG","NY.GDP.MKTP.CD","2018","361731070995.7260"
"982","HKG","NY.GDP.MKTP.CD","2017","341273289534.4660"
"983","HKG","NY.GDP.MKTP.CD","2016","320860317562.5620"
"984","HKG","NY.GDP.MKTP.CD","2015","309385622601.3480"
"985","HKG","NY.GDP.MKTP.CD","2014","291459995978.8930"
"986","HUN","NY.GDP.MKTP.CD","2025","246490213513.0540"
"987","HUN","NY.GDP.MKTP.CD","2024","222848211034.3670"
"988","HUN","NY.GDP.MKTP.CD","2023","213029511028.8740"
"989","HUN","NY.GDP.MKTP.CD","2022","177002580544.1550"
"990","HUN","NY.GDP.MKTP.CD","2021","183282685440.4860"
"991","HUN","NY.GDP.MKTP.CD","2020","158468487754.1960"
"992","HUN","NY.GDP.MKTP.CD","2019","164936682033.9920"
"993","HUN","NY.GDP.MKTP.CD","2018","161184691013.8350"
"994","HUN","NY.GDP.MKTP.CD","2017","143335098991.8620"
"995","HUN","NY.GDP.MKTP.CD","2016","128983560865.2930"
"996","HUN","NY.GDP.MKTP.CD","2015","125244126623.2890"
"997","HUN","NY.GDP.MKTP.CD","2014","141128696412.3210"
"998","ISL","NY.GDP.MKTP.CD","2025","38582528789.0033"
"999","ISL","NY.GDP.MKTP.CD","2024","33186621855.0053"
"1000","ISL","NY.GDP.MKTP.CD","2023","31701996433.7807"
"1001","ISL","NY.GDP.MKTP.CD","2022","29176227825.4736"
"1002","ISL","NY.GDP.MKTP.CD","2021","26234872402.4570"
"1003","ISL","NY.GDP.MKTP.CD","2020","22034665040.7901"
"1004","ISL","NY.GDP.MKTP.CD","2019","24985687022.0452"
"1005","ISL","NY.GDP.MKTP.CD","2018","26677652544.3499"
"1006","ISL","NY.GDP.MKTP.CD","2017","25060086487.8901"
"1007","ISL","NY.GDP.MKTP.CD","2016","21083713310.4570"
"1008","ISL","NY.GDP.MKTP.CD","2015","17700486957.1907"
"1009","ISL","NY.GDP.MKTP.CD","2014","18052183514.8695"
"1010","IND","NY.GDP.MKTP.CD","2025","3956067115771.6300"
"1011","IND","NY.GDP.MKTP.CD","2024","3760813470500.8600"
"1012","IND","NY.GDP.MKTP.CD","2023","3500906030644.7600"
"1013","IND","NY.GDP.MKTP.CD","2022","3249938492013.4700"
"1014","IND","NY.GDP.MKTP.CD","2021","3167270623260.4700"
"1015","IND","NY.GDP.MKTP.CD","2020","2674851578587.2700"
"1016","IND","NY.GDP.MKTP.CD","2019","2835606256558.1900"
"1017","IND","NY.GDP.MKTP.CD","2018","2702929641648.7400"
"1018","IND","NY.GDP.MKTP.CD","2017","2651474262755.4500"
"1019","IND","NY.GDP.MKTP.CD","2016","2294796885663.1600"
"1020","IND","NY.GDP.MKTP.CD","2015","2103588360044.9400"
"1021","IND","NY.GDP.MKTP.CD","2014","2039126479154.5200"
"1022","IDN","NY.GDP.MKTP.CD","2025","1445642584163.8100"
"1023","IDN","NY.GDP.MKTP.CD","2024","1396301788461.6900"
"1024","IDN","NY.GDP.MKTP.CD","2023","1371166925749.8800"
"1025","IDN","NY.GDP.MKTP.CD","2022","1319101183380.1500"
"1026","IDN","NY.GDP.MKTP.CD","2021","1186509691086.7300"
"1027","IDN","NY.GDP.MKTP.CD","2020","1059054842698.4800"
"1028","IDN","NY.GDP.MKTP.CD","2019","1119099871350.2000"
"1029","IDN","NY.GDP.MKTP.CD","2018","1042271532988.6300"
"1030","IDN","NY.GDP.MKTP.CD","2017","1015618744159.7300"
"1031","IDN","NY.GDP.MKTP.CD","2016","931877364037.6980"
"1032","IDN","NY.GDP.MKTP.CD","2015","860854232686.2140"
"1033","IDN","NY.GDP.MKTP.CD","2014","890814755533.5370"
"1034","IRN","NY.GDP.MKTP.CD","2025","362682115433.3640"
"1035","IRN","NY.GDP.MKTP.CD","2024","475252089215.4160"
"1036","IRN","NY.GDP.MKTP.CD","2023","457510482317.4830"
"1037","IRN","NY.GDP.MKTP.CD","2022","422662261525.6650"
"1038","IRN","NY.GDP.MKTP.CD","2021","407350685583.3350"
"1039","IRN","NY.GDP.MKTP.CD","2020","280934329279.7230"
"1040","IRN","NY.GDP.MKTP.CD","2019","347988400957.9990"
"1041","IRN","NY.GDP.MKTP.CD","2018","411903303606.0440"
"1042","IRN","NY.GDP.MKTP.CD","2017","510239893417.6450"
"1043","IRN","NY.GDP.MKTP.CD","2016","478618064870.9990"
"1044","IRN","NY.GDP.MKTP.CD","2015","409191686496.6770"
"1045","IRN","NY.GDP.MKTP.CD","2014","462284793280.8250"
"1046","IRQ","NY.GDP.MKTP.CD","2025","254367293538.4620"
"1047","IRQ","NY.GDP.MKTP.CD","2024","279641257615.3850"
"1048","IRQ","NY.GDP.MKTP.CD","2023","268881051643.5490"
"1049","IRQ","NY.GDP.MKTP.CD","2022","287372232137.9310"
"1050","IRQ","NY.GDP.MKTP.CD","2021","209691945713.1030"
"1051","IRQ","NY.GDP.MKTP.CD","2020","180898797516.8740"
"1052","IRQ","NY.GDP.MKTP.CD","2019","233636097800.3380"
"1053","IRQ","NY.GDP.MKTP.CD","2018","227367469034.0310"
"1054","IRQ","NY.GDP.MKTP.CD","2017","187217660050.6760"
"1055","IRQ","NY.GDP.MKTP.CD","2016","166743557747.6710"
"1056","IRQ","NY.GDP.MKTP.CD","2015","166774104959.1020"
"1057","IRQ","NY.GDP.MKTP.CD","2014","228415656174.9570"
"1058","IRL","NY.GDP.MKTP.CD","2025","721701359046.3130"
"1059","IRL","NY.GDP.MKTP.CD","2024","609157459747.2050"
"1060","IRL","NY.GDP.MKTP.CD","2023","567372737459.1160"
"1061","IRL","NY.GDP.MKTP.CD","2022","548341794599.0900"
"1062","IRL","NY.GDP.MKTP.CD","2021","530394123829.7630"
"1063","IRL","NY.GDP.MKTP.CD","2020","436009027818.9480"
"1064","IRL","NY.GDP.MKTP.CD","2019","407211793800.7130"
"1065","IRL","NY.GDP.MKTP.CD","2018","395780319816.6030"
"1066","IRL","NY.GDP.MKTP.CD","2017","348355212568.5150"
"1067","IRL","NY.GDP.MKTP.CD","2016","305431252708.7480"
"1068","IRL","NY.GDP.MKTP.CD","2015","302101388556.2710"
"1069","IRL","NY.GDP.MKTP.CD","2014","266490442124.3090"
"1070","IMN","NY.GDP.MKTP.CD","2023","7576129932.7938"
"1071","IMN","NY.GDP.MKTP.CD","2022","7431257410.9271"
"1072","IMN","NY.GDP.MKTP.CD","2021","7931193222.0641"
"1073","IMN","NY.GDP.MKTP.CD","2020","6684225641.0256"
"1074","IMN","NY.GDP.MKTP.CD","2019","7314967866.2829"
"1075","IMN","NY.GDP.MKTP.CD","2018","7491649455.9272"
"1076","IMN","NY.GDP.MKTP.CD","2017","6979788333.5028"
"1077","IMN","NY.GDP.MKTP.CD","2016","6846377563.0068"
"1078","IMN","NY.GDP.MKTP.CD","2015","7084800892.2228"
"1079","IMN","NY.GDP.MKTP.CD","2014","7708454412.3213"
"1080","ISR","NY.GDP.MKTP.CD","2025","610777842873.5950"
"1081","ISR","NY.GDP.MKTP.CD","2024","542284494490.7780"
"1082","ISR","NY.GDP.MKTP.CD","2023","513393395491.9040"
"1083","ISR","NY.GDP.MKTP.CD","2022","525157951212.8710"
"1084","ISR","NY.GDP.MKTP.CD","2021","489735019666.0260"
"1085","ISR","NY.GDP.MKTP.CD","2020","410908899711.2720"
"1086","ISR","NY.GDP.MKTP.CD","2019","399207771081.6110"
"1087","ISR","NY.GDP.MKTP.CD","2018","375470422244.4080"
"1088","ISR","NY.GDP.MKTP.CD","2017","357360816856.6420"
"1089","ISR","NY.GDP.MKTP.CD","2016","321083954798.3370"
"1090","ISR","NY.GDP.MKTP.CD","2015","302841190257.7080"
"1091","ISR","NY.GDP.MKTP.CD","2014","314376760832.0470"
"1092","ITA","NY.GDP.MKTP.CD","2025","2551556954100.3500"
"1093","ITA","NY.GDP.MKTP.CD","2024","2383435562458.1200"
"1094","ITA","NY.GDP.MKTP.CD","2023","2316882296366.3200"
"1095","ITA","NY.GDP.MKTP.CD","2022","2104067630319.4600"
"1096","ITA","NY.GDP.MKTP.CD","2021","2179207773596.0900"
"1097","ITA","NY.GDP.MKTP.CD","2020","1907481094079.2300"
"1098","ITA","NY.GDP.MKTP.CD","2019","2019606796583.5300"
"1099","ITA","NY.GDP.MKTP.CD","2018","2099435266458.6700"
"1100","ITA","NY.GDP.MKTP.CD","2017","1970720904584.7100"
"1101","ITA","NY.GDP.MKTP.CD","2016","1887111188176.9300"
"1102","ITA","NY.GDP.MKTP.CD","2015","1845428048839.1000"
"1103","ITA","NY.GDP.MKTP.CD","2014","2173255507985.8400"
"1104","JAM","NY.GDP.MKTP.CD","2025","22704903217.5631"
"1105","JAM","NY.GDP.MKTP.CD","2024","22014429050.9995"
"1106","JAM","NY.GDP.MKTP.CD","2023","21418797832.8216"
"1107","JAM","NY.GDP.MKTP.CD","2022","18813516805.2140"
"1108","JAM","NY.GDP.MKTP.CD","2021","15963885376.3537"
"1109","JAM","NY.GDP.MKTP.CD","2020","15000214216.2439"
"1110","JAM","NY.GDP.MKTP.CD","2019","17026269262.5307"
"1111","JAM","NY.GDP.MKTP.CD","2018","16855447986.2221"
"1112","JAM","NY.GDP.MKTP.CD","2017","15783583236.6750"
"1113","JAM","NY.GDP.MKTP.CD","2016","14898999754.1229"
"1114","JAM","NY.GDP.MKTP.CD","2015","14963589915.5912"
"1115","JAM","NY.GDP.MKTP.CD","2014","13899217679.9219"
"1116","JPN","NY.GDP.MKTP.CD","2025","4435162999976.9400"
"1117","JPN","NY.GDP.MKTP.CD","2024","4190008188358.5700"
"1118","JPN","NY.GDP.MKTP.CD","2023","4384854269961.9300"
"1119","JPN","NY.GDP.MKTP.CD","2022","4447976207314.7800"
"1120","JPN","NY.GDP.MKTP.CD","2021","5225933520753.1000"
"1121","JPN","NY.GDP.MKTP.CD","2020","5189197543645.3800"
"1122","JPN","NY.GDP.MKTP.CD","2019","5245755000479.0300"
"1123","JPN","NY.GDP.MKTP.CD","2018","5154293721629.5600"
"1124","JPN","NY.GDP.MKTP.CD","2017","5038231631660.7100"
"1125","JPN","NY.GDP.MKTP.CD","2016","5110357383254.4400"
"1126","JPN","NY.GDP.MKTP.CD","2015","4534438580494.9400"
"1127","JPN","NY.GDP.MKTP.CD","2014","4985763289560.8100"
"1128","JOR","NY.GDP.MKTP.CD","2025","61610052535.2113"
"1129","JOR","NY.GDP.MKTP.CD","2024","58618380563.3803"
"1130","JOR","NY.GDP.MKTP.CD","2023","56123472112.6761"
"1131","JOR","NY.GDP.MKTP.CD","2022","53516930140.8451"
"1132","JOR","NY.GDP.MKTP.CD","2021","50702940985.9155"
"1133","JOR","NY.GDP.MKTP.CD","2020","47931770985.9155"
"1134","JOR","NY.GDP.MKTP.CD","2019","48640273802.8169"
"1135","JOR","NY.GDP.MKTP.CD","2018","47435850422.5352"
"1136","JOR","NY.GDP.MKTP.CD","2017","45535614366.1972"
"1137","JOR","NY.GDP.MKTP.CD","2016","43688498732.3944"
"1138","JOR","NY.GDP.MKTP.CD","2015","42394049295.7747"
"1139","JOR","NY.GDP.MKTP.CD","2014","40535098591.5493"
"1140","KAZ","NY.GDP.MKTP.CD","2025","306239209650.0240"
"1141","KAZ","NY.GDP.MKTP.CD","2024","291480274648.8260"
"1142","KAZ","NY.GDP.MKTP.CD","2023","261840101059.9230"
"1143","KAZ","NY.GDP.MKTP.CD","2022","225496328925.4940"
"1144","KAZ","NY.GDP.MKTP.CD","2021","197112255360.6120"
"1145","KAZ","NY.GDP.MKTP.CD","2020","171082365861.4230"
"1146","KAZ","NY.GDP.MKTP.CD","2019","181667184854.5010"
"1147","KAZ","NY.GDP.MKTP.CD","2018","179339977690.4850"
"1148","KAZ","NY.GDP.MKTP.CD","2017","166805788827.2330"
"1149","KAZ","NY.GDP.MKTP.CD","2016","137278320084.1710"
"1150","KAZ","NY.GDP.MKTP.CD","2015","184388404706.0420"
"1151","KAZ","NY.GDP.MKTP.CD","2014","221415613595.4690"
"1152","KEN","NY.GDP.MKTP.CD","2025","135941278878.8150"
"1153","KEN","NY.GDP.MKTP.CD","2024","120397537849.8260"
"1154","KEN","NY.GDP.MKTP.CD","2023","107500884685.0130"
"1155","KEN","NY.GDP.MKTP.CD","2022","114448978152.6370"
"1156","KEN","NY.GDP.MKTP.CD","2021","109703658904.9940"
"1157","KEN","NY.GDP.MKTP.CD","2020","100657505750.5450"
"1158","KEN","NY.GDP.MKTP.CD","2019","100378436207.3710"
"1159","KEN","NY.GDP.MKTP.CD","2018","92202979985.2863"
"1160","KEN","NY.GDP.MKTP.CD","2017","82036510877.2599"
"1161","KEN","NY.GDP.MKTP.CD","2016","74815144163.8931"
"1162","KEN","NY.GDP.MKTP.CD","2015","70120446896.8359"
"1163","KEN","NY.GDP.MKTP.CD","2014","68285796514.2896"
"1164","KIR","NY.GDP.MKTP.CD","2025","349227254.1588"
"1165","KIR","NY.GDP.MKTP.CD","2024","343153235.0771"
"1166","KIR","NY.GDP.MKTP.CD","2023","291657337.8395"
"1167","KIR","NY.GDP.MKTP.CD","2022","271214374.5006"
"1168","KIR","NY.GDP.MKTP.CD","2021","285451584.4065"
"1169","KIR","NY.GDP.MKTP.CD","2020","220909306.7508"
"1170","KIR","NY.GDP.MKTP.CD","2019","216891541.0214"
"1171","KIR","NY.GDP.MKTP.CD","2018","233859230.1922"
"1172","KIR","NY.GDP.MKTP.CD","2017","223029864.5419"
"1173","KIR","NY.GDP.MKTP.CD","2016","206467818.5032"
"1174","KIR","NY.GDP.MKTP.CD","2015","191559398.6883"
"1175","KIR","NY.GDP.MKTP.CD","2014","200287281.9807"
"1176","KOR","NY.GDP.MKTP.CD","2025","1872374961553.1500"
"1177","KOR","NY.GDP.MKTP.CD","2024","1875388209406.8000"
"1178","KOR","NY.GDP.MKTP.CD","2023","1844800934391.5400"
"1179","KOR","NY.GDP.MKTP.CD","2022","1799363116866.5200"
"1180","KOR","NY.GDP.MKTP.CD","2021","1942313560965.9000"
"1181","KOR","NY.GDP.MKTP.CD","2020","1744070276373.3400"
"1182","KOR","NY.GDP.MKTP.CD","2019","1751045752054.6300"
"1183","KOR","NY.GDP.MKTP.CD","2018","1824251454306.8300"
"1184","KOR","NY.GDP.MKTP.CD","2017","1710196756713.1700"
"1185","KOR","NY.GDP.MKTP.CD","2016","1579150518945.4400"
"1186","KOR","NY.GDP.MKTP.CD","2015","1539212301135.5500"
"1187","KOR","NY.GDP.MKTP.CD","2014","1556252422020.4400"
"1188","XKX","NY.GDP.MKTP.CD","2025","12456403306.8191"
"1189","XKX","NY.GDP.MKTP.CD","2024","11203038332.3359"
"1190","XKX","NY.GDP.MKTP.CD","2023","10466753839.9923"
"1191","XKX","NY.GDP.MKTP.CD","2022","9367633202.5467"
"1192","XKX","NY.GDP.MKTP.CD","2021","9412099545.0580"
"1193","XKX","NY.GDP.MKTP.CD","2020","7734497455.7541"
"1194","XKX","NY.GDP.MKTP.CD","2019","7899204690.7921"
"1195","XKX","NY.GDP.MKTP.CD","2018","7878762812.2016"
"1196","XKX","NY.GDP.MKTP.CD","2017","7180768692.2635"
"1197","XKX","NY.GDP.MKTP.CD","2016","6682674062.9615"
"1198","XKX","NY.GDP.MKTP.CD","2015","6295845465.3590"
"1199","XKX","NY.GDP.MKTP.CD","2014","7074392884.0451"
"1200","KWT","NY.GDP.MKTP.CD","2025","157209026926.4180"
"1201","KWT","NY.GDP.MKTP.CD","2024","160903106639.2330"
"1202","KWT","NY.GDP.MKTP.CD","2023","165462656226.7720"
"1203","KWT","NY.GDP.MKTP.CD","2022","183502046693.8780"
"1204","KWT","NY.GDP.MKTP.CD","2021","148350671489.1440"
"1205","KWT","NY.GDP.MKTP.CD","2020","111045470605.7150"
"1206","KWT","NY.GDP.MKTP.CD","2019","140856394860.5290"
"1207","KWT","NY.GDP.MKTP.CD","2018","138646316350.7270"
"1208","KWT","NY.GDP.MKTP.CD","2017","120687539805.5050"
"1209","KWT","NY.GDP.MKTP.CD","2016","109406674124.6520"
"1210","KWT","NY.GDP.MKTP.CD","2015","114585555688.5110"
"1211","KWT","NY.GDP.MKTP.CD","2014","162650450684.7250"
"1212","KGZ","NY.GDP.MKTP.CD","2025","22623752095.4613"
"1213","KGZ","NY.GDP.MKTP.CD","2024","18161630698.9052"
"1214","KGZ","NY.GDP.MKTP.CD","2023","15180842369.4894"
"1215","KGZ","NY.GDP.MKTP.CD","2022","12134931017.9465"
"1216","KGZ","NY.GDP.MKTP.CD","2021","9249133946.2653"
"1217","KGZ","NY.GDP.MKTP.CD","2020","8270468614.2405"
"1218","KGZ","NY.GDP.MKTP.CD","2019","9371275264.3674"
"1219","KGZ","NY.GDP.MKTP.CD","2018","8271106235.4155"
"1220","KGZ","NY.GDP.MKTP.CD","2017","7702938379.4204"
"1221","KGZ","NY.GDP.MKTP.CD","2016","6813095379.1187"
"1222","KGZ","NY.GDP.MKTP.CD","2015","6678177511.6631"
"1223","KGZ","NY.GDP.MKTP.CD","2014","7468102412.6824"
"1224","LAO","NY.GDP.MKTP.CD","2025","18302970218.5902"
"1225","LAO","NY.GDP.MKTP.CD","2024","16502933121.3379"
"1226","LAO","NY.GDP.MKTP.CD","2023","15843155731.2552"
"1227","LAO","NY.GDP.MKTP.CD","2022","15468785203.7532"
"1228","LAO","NY.GDP.MKTP.CD","2021","18827148530.9347"
"1229","LAO","NY.GDP.MKTP.CD","2020","18981805250.2424"
"1230","LAO","NY.GDP.MKTP.CD","2019","18740561512.5555"
"1231","LAO","NY.GDP.MKTP.CD","2018","18141641089.7963"
"1232","LAO","NY.GDP.MKTP.CD","2017","17071155481.4994"
"1233","LAO","NY.GDP.MKTP.CD","2016","15912501722.6143"
"1234","LAO","NY.GDP.MKTP.CD","2015","14426380125.6488"
"1235","LAO","NY.GDP.MKTP.CD","2014","13279245886.3854"
"1236","LVA","NY.GDP.MKTP.CD","2025","48618869160.3254"
"1237","LVA","NY.GDP.MKTP.CD","2024","44001275012.6141"
"1238","LVA","NY.GDP.MKTP.CD","2023","42779550936.8380"
"1239","LVA","NY.GDP.MKTP.CD","2022","38003198508.9107"
"1240","LVA","NY.GDP.MKTP.CD","2021","38183326784.9335"
"1241","LVA","NY.GDP.MKTP.CD","2020","33379927434.6149"
"1242","LVA","NY.GDP.MKTP.CD","2019","33099503950.8470"
"1243","LVA","NY.GDP.MKTP.CD","2018","33247935477.3576"
"1244","LVA","NY.GDP.MKTP.CD","2017","29391059767.4259"
"1245","LVA","NY.GDP.MKTP.CD","2016","27117105059.5075"
"1246","LVA","NY.GDP.MKTP.CD","2015","26344565876.8902"
"1247","LVA","NY.GDP.MKTP.CD","2014","30277203767.4058"
"1248","LBN","NY.GDP.MKTP.CD","2024","25971643441.3408"
"1249","LBN","NY.GDP.MKTP.CD","2023","20078620356.9931"
"1250","LBN","NY.GDP.MKTP.CD","2022","20992421948.8081"
"1251","LBN","NY.GDP.MKTP.CD","2021","23131941556.7843"
"1252","LBN","NY.GDP.MKTP.CD","2020","31712128253.7961"
"1253","LBN","NY.GDP.MKTP.CD","2019","51605959131.2741"
"1254","LBN","NY.GDP.MKTP.CD","2018","54901519155.5556"
"1255","LBN","NY.GDP.MKTP.CD","2017","53027680685.9038"
"1256","LBN","NY.GDP.MKTP.CD","2016","51147308774.1294"
"1257","LBN","NY.GDP.MKTP.CD","2015","49929337836.8159"
"1258","LBN","NY.GDP.MKTP.CD","2014","48095213746.6003"
"1259","LSO","NY.GDP.MKTP.CD","2025","2573572920.0516"
"1260","LSO","NY.GDP.MKTP.CD","2024","2391282547.8003"
"1261","LSO","NY.GDP.MKTP.CD","2023","2129871529.5252"
"1262","LSO","NY.GDP.MKTP.CD","2022","2354980960.0270"
"1263","LSO","NY.GDP.MKTP.CD","2021","2412130056.5585"
"1264","LSO","NY.GDP.MKTP.CD","2020","2053699863.9963"
"1265","LSO","NY.GDP.MKTP.CD","2019","2390702295.8278"
"1266","LSO","NY.GDP.MKTP.CD","2018","2556247291.9979"
"1267","LSO","NY.GDP.MKTP.CD","2017","2306741672.2901"
"1268","LSO","NY.GDP.MKTP.CD","2016","2114426452.2019"
"1269","LSO","NY.GDP.MKTP.CD","2015","2359686724.5383"
"1270","LSO","NY.GDP.MKTP.CD","2014","2441063054.0579"
"1271","LBR","NY.GDP.MKTP.CD","2025","5245938900.0000"
"1272","LBR","NY.GDP.MKTP.CD","2024","4779300900.0000"
"1273","LBR","NY.GDP.MKTP.CD","2023","4390000000.0000"
"1274","LBR","NY.GDP.MKTP.CD","2022","4001047000.0000"
"1275","LBR","NY.GDP.MKTP.CD","2021","3513049500.0000"
"1276","LBR","NY.GDP.MKTP.CD","2020","3176126300.0000"
"1277","LBR","NY.GDP.MKTP.CD","2019","3319596500.0000"
"1278","LBR","NY.GDP.MKTP.CD","2018","3422754800.0000"
"1279","LBR","NY.GDP.MKTP.CD","2017","3390703400.0000"
"1280","LBR","NY.GDP.MKTP.CD","2016","3398419600.0000"
"1281","LBR","NY.GDP.MKTP.CD","2015","3227075700.0000"
"1282","LBR","NY.GDP.MKTP.CD","2014","3225652000.0000"
"1283","LBY","NY.GDP.MKTP.CD","2025","48098909613.6316"
"1284","LBY","NY.GDP.MKTP.CD","2024","48487151215.3450"
"1285","LBY","NY.GDP.MKTP.CD","2023","44027664915.1870"
"1286","LBY","NY.GDP.MKTP.CD","2022","43246297921.8499"
"1287","LBY","NY.GDP.MKTP.CD","2021","35217995647.2862"
"1288","LBY","NY.GDP.MKTP.CD","2020","46854285440.6420"
"1289","LBY","NY.GDP.MKTP.CD","2019","69254496471.6938"
"1290","LBY","NY.GDP.MKTP.CD","2018","76686029772.1483"
"1291","LBY","NY.GDP.MKTP.CD","2017","67157452181.7738"
"1292","LBY","NY.GDP.MKTP.CD","2016","49912073701.2980"
"1293","LBY","NY.GDP.MKTP.CD","2015","48717501321.3052"
"1294","LBY","NY.GDP.MKTP.CD","2014","57372355592.0220"
"1295","LIE","NY.GDP.MKTP.CD","2024","8905764270.4054"
"1296","LIE","NY.GDP.MKTP.CD","2023","8239379403.2210"
"1297","LIE","NY.GDP.MKTP.CD","2022","7426856242.7736"
"1298","LIE","NY.GDP.MKTP.CD","2021","7912602342.1890"
"1299","LIE","NY.GDP.MKTP.CD","2020","6405870210.3229"
"1300","LIE","NY.GDP.MKTP.CD","2019","6436467007.1193"
"1301","LIE","NY.GDP.MKTP.CD","2018","6692620691.8415"
"1302","LIE","NY.GDP.MKTP.CD","2017","6474308717.8529"
"1303","LIE","NY.GDP.MKTP.CD","2016","6237302033.5013"
"1304","LIE","NY.GDP.MKTP.CD","2015","6268515276.1744"
"1305","LIE","NY.GDP.MKTP.CD","2014","6657526979.7228"
"1306","LTU","NY.GDP.MKTP.CD","2025","95210150818.3512"
"1307","LTU","NY.GDP.MKTP.CD","2024","85503938573.5664"
"1308","LTU","NY.GDP.MKTP.CD","2023","80356613554.5602"
"1309","LTU","NY.GDP.MKTP.CD","2022","70639687325.6326"
"1310","LTU","NY.GDP.MKTP.CD","2021","67072165721.2431"
"1311","LTU","NY.GDP.MKTP.CD","2020","57412038533.2718"
"1312","LTU","NY.GDP.MKTP.CD","2019","55122066225.7960"
"1313","LTU","NY.GDP.MKTP.CD","2018","54261795148.5372"
"1314","LTU","NY.GDP.MKTP.CD","2017","47756764508.4460"
"1315","LTU","NY.GDP.MKTP.CD","2016","42970749245.0336"
"1316","LTU","NY.GDP.MKTP.CD","2015","41540954817.2039"
"1317","LTU","NY.GDP.MKTP.CD","2014","48306546656.9281"
"1318","LUX","NY.GDP.MKTP.CD","2025","101157829491.1070"
"1319","LUX","NY.GDP.MKTP.CD","2024","93279851863.4062"
"1320","LUX","NY.GDP.MKTP.CD","2023","88788881539.3937"
"1321","LUX","NY.GDP.MKTP.CD","2022","80801680397.0139"
"1322","LUX","NY.GDP.MKTP.CD","2021","86386759695.1653"
"1323","LUX","NY.GDP.MKTP.CD","2020","73670782100.3909"
"1324","LUX","NY.GDP.MKTP.CD","2019","69872035113.6469"
"1325","LUX","NY.GDP.MKTP.CD","2018","71085623495.1145"
"1326","LUX","NY.GDP.MKTP.CD","2017","65712180342.9836"
"1327","LUX","NY.GDP.MKTP.CD","2016","62216885435.9488"
"1328","LUX","NY.GDP.MKTP.CD","2015","60071584216.1375"
"1329","LUX","NY.GDP.MKTP.CD","2014","68804814554.6460"
"1330","MAC","NY.GDP.MKTP.CD","2025","52061007670.1690"
"1331","MAC","NY.GDP.MKTP.CD","2024","49467258923.3244"
"1332","MAC","NY.GDP.MKTP.CD","2023","45626467279.8910"
"1333","MAC","NY.GDP.MKTP.CD","2022","24929307447.3237"
"1334","MAC","NY.GDP.MKTP.CD","2021","30633941629.3633"
"1335","MAC","NY.GDP.MKTP.CD","2020","25280064167.7333"
"1336","MAC","NY.GDP.MKTP.CD","2019","55025172016.0040"
"1337","MAC","NY.GDP.MKTP.CD","2018","55076322634.3440"
"1338","MAC","NY.GDP.MKTP.CD","2017","50297028370.6668"
"1339","MAC","NY.GDP.MKTP.CD","2016","44964868323.7558"
"1340","MAC","NY.GDP.MKTP.CD","2015","44940613353.1038"
"1341","MAC","NY.GDP.MKTP.CD","2014","54930501310.2956"
"1342","MDG","NY.GDP.MKTP.CD","2025","19620352035.7899"
"1343","MDG","NY.GDP.MKTP.CD","2024","17592832696.1336"
"1344","MDG","NY.GDP.MKTP.CD","2023","16036707975.7567"
"1345","MDG","NY.GDP.MKTP.CD","2022","15342178598.2475"
"1346","MDG","NY.GDP.MKTP.CD","2021","14354731964.3258"
"1347","MDG","NY.GDP.MKTP.CD","2020","13051441204.0530"
"1348","MDG","NY.GDP.MKTP.CD","2019","14104664678.5063"
"1349","MDG","NY.GDP.MKTP.CD","2018","13760033282.2925"
"1350","MDG","NY.GDP.MKTP.CD","2017","13176313593.5509"
"1351","MDG","NY.GDP.MKTP.CD","2016","11848613858.4420"
"1352","MDG","NY.GDP.MKTP.CD","2015","11323020701.3017"
"1353","MDG","NY.GDP.MKTP.CD","2014","12522957399.2281"
"1354","MWI","NY.GDP.MKTP.CD","2025","14918276698.3030"
"1355","MWI","NY.GDP.MKTP.CD","2024","11311971400.3864"
"1356","MWI","NY.GDP.MKTP.CD","2023","13363669672.9405"
"1357","MWI","NY.GDP.MKTP.CD","2022","12429059928.1020"
"1358","MWI","NY.GDP.MKTP.CD","2021","12378119199.0839"
"1359","MWI","NY.GDP.MKTP.CD","2020","11769313597.8545"
"1360","MWI","NY.GDP.MKTP.CD","2019","11051852712.6142"
"1361","MWI","NY.GDP.MKTP.CD","2018","9879220354.2919"
"1362","MWI","NY.GDP.MKTP.CD","2017","8943543793.5839"
"1363","MWI","NY.GDP.MKTP.CD","2016","7909868618.4637"
"1364","MWI","NY.GDP.MKTP.CD","2015","9219474379.3153"
"1365","MWI","NY.GDP.MKTP.CD","2014","8801326169.1455"
"1366","MYS","NY.GDP.MKTP.CD","2025","472193128644.5970"
"1367","MYS","NY.GDP.MKTP.CD","2024","422227005428.6880"
"1368","MYS","NY.GDP.MKTP.CD","2023","399949418752.6570"
"1369","MYS","NY.GDP.MKTP.CD","2022","407830525989.5530"
"1370","MYS","NY.GDP.MKTP.CD","2021","373784553029.9780"
"1371","MYS","NY.GDP.MKTP.CD","2020","337456163961.2110"
"1372","MYS","NY.GDP.MKTP.CD","2019","365177721021.5160"
"1373","MYS","NY.GDP.MKTP.CD","2018","358788845712.5300"
"1374","MYS","NY.GDP.MKTP.CD","2017","319109094160.3430"
"1375","MYS","NY.GDP.MKTP.CD","2016","301256033870.3340"
"1376","MYS","NY.GDP.MKTP.CD","2015","301355266964.9470"
"1377","MYS","NY.GDP.MKTP.CD","2014","338066095097.2540"
"1378","MDV","NY.GDP.MKTP.CD","2025","7741066860.6337"
"1379","MDV","NY.GDP.MKTP.CD","2024","7061608267.2545"
"1380","MDV","NY.GDP.MKTP.CD","2023","6621008703.9574"
"1381","MDV","NY.GDP.MKTP.CD","2022","6177123352.2621"
"1382","MDV","NY.GDP.MKTP.CD","2021","5252457369.5522"
"1383","MDV","NY.GDP.MKTP.CD","2020","3712604583.3667"
"1384","MDV","NY.GDP.MKTP.CD","2019","5726094799.3771"
"1385","MDV","NY.GDP.MKTP.CD","2018","5404344162.6989"
"1386","MDV","NY.GDP.MKTP.CD","2017","4816426256.5291"
"1387","MDV","NY.GDP.MKTP.CD","2016","4409942623.8554"
"1388","MDV","NY.GDP.MKTP.CD","2015","4129505319.1292"
"1389","MDV","NY.GDP.MKTP.CD","2014","3697353039.2004"
"1390","MLI","NY.GDP.MKTP.CD","2025","30069148580.7688"
"1391","MLI","NY.GDP.MKTP.CD","2024","26761281076.7658"
"1392","MLI","NY.GDP.MKTP.CD","2023","24777941860.7670"
"1393","MLI","NY.GDP.MKTP.CD","2022","22539987718.7642"
"1394","MLI","NY.GDP.MKTP.CD","2021","22999245262.6719"
"1395","MLI","NY.GDP.MKTP.CD","2020","20698560938.7775"
"1396","MLI","NY.GDP.MKTP.CD","2019","20477421884.5414"
"1397","MLI","NY.GDP.MKTP.CD","2018","20368015381.2413"
"1398","MLI","NY.GDP.MKTP.CD","2017","18308362040.0521"
"1399","MLI","NY.GDP.MKTP.CD","2016","16743796799.8329"
"1400","MLI","NY.GDP.MKTP.CD","2015","15583181170.4105"
"1401","MLI","NY.GDP.MKTP.CD","2014","17081681993.2577"
"1402","MLT","NY.GDP.MKTP.CD","2025","27771821560.9411"
"1403","MLT","NY.GDP.MKTP.CD","2024","25042712191.3281"
"1404","MLT","NY.GDP.MKTP.CD","2023","22625329775.6867"
"1405","MLT","NY.GDP.MKTP.CD","2022","18938869147.0818"
"1406","MLT","NY.GDP.MKTP.CD","2021","19730119030.6198"
"1407","MLT","NY.GDP.MKTP.CD","2020","16404655807.6687"
"1408","MLT","NY.GDP.MKTP.CD","2019","16337788880.5780"
"1409","MLT","NY.GDP.MKTP.CD","2018","16153785816.8181"
"1410","MLT","NY.GDP.MKTP.CD","2017","14161374599.3379"
"1411","MLT","NY.GDP.MKTP.CD","2016","12025777078.0922"
"1412","MLT","NY.GDP.MKTP.CD","2015","11340789705.8045"
"1413","MLT","NY.GDP.MKTP.CD","2014","11888029751.5962"
"1414","MHL","NY.GDP.MKTP.CD","2025","308000000.0000"
"1415","MHL","NY.GDP.MKTP.CD","2024","285000000.0000"
"1416","MHL","NY.GDP.MKTP.CD","2023","264000000.0000"
"1417","MHL","NY.GDP.MKTP.CD","2022","258723500.0000"
"1418","MHL","NY.GDP.MKTP.CD","2021","261245500.0000"
"1419","MHL","NY.GDP.MKTP.CD","2020","241800000.0000"
"1420","MHL","NY.GDP.MKTP.CD","2019","232900000.0000"
"1421","MHL","NY.GDP.MKTP.CD","2018","220000000.0000"
"1422","MHL","NY.GDP.MKTP.CD","2017","213700000.0000"
"1423","MHL","NY.GDP.MKTP.CD","2016","201800000.0000"
"1424","MHL","NY.GDP.MKTP.CD","2015","183700000.0000"
"1425","MHL","NY.GDP.MKTP.CD","2014","186000000.0000"
"1426","MRT","NY.GDP.MKTP.CD","2025","11679910946.4371"
"1427","MRT","NY.GDP.MKTP.CD","2024","10879212033.4823"
"1428","MRT","NY.GDP.MKTP.CD","2023","10687541640.1299"
"1429","MRT","NY.GDP.MKTP.CD","2022","9562497460.5539"
"1430","MRT","NY.GDP.MKTP.CD","2021","9221044666.7648"
"1431","MRT","NY.GDP.MKTP.CD","2020","8260567356.8164"
"1432","MRT","NY.GDP.MKTP.CD","2019","7894764885.8231"
"1433","MRT","NY.GDP.MKTP.CD","2018","7475471309.5227"
"1434","MRT","NY.GDP.MKTP.CD","2017","6812472965.3387"
"1435","MRT","NY.GDP.MKTP.CD","2016","6407900701.2583"
"1436","MRT","NY.GDP.MKTP.CD","2015","6182303676.5514"
"1437","MRT","NY.GDP.MKTP.CD","2014","6615483550.1782"
"1438","MUS","NY.GDP.MKTP.CD","2025","16157804491.7614"
"1439","MUS","NY.GDP.MKTP.CD","2024","14938055690.3609"
"1440","MUS","NY.GDP.MKTP.CD","2023","14072212290.4596"
"1441","MUS","NY.GDP.MKTP.CD","2022","12936444123.3037"
"1442","MUS","NY.GDP.MKTP.CD","2021","11622048696.8129"
"1443","MUS","NY.GDP.MKTP.CD","2020","11566111137.5568"
"1444","MUS","NY.GDP.MKTP.CD","2019","14645235204.6176"
"1445","MUS","NY.GDP.MKTP.CD","2018","14957535715.9696"
"1446","MUS","NY.GDP.MKTP.CD","2017","13896938315.2799"
"1447","MUS","NY.GDP.MKTP.CD","2016","12757680846.5663"
"1448","MUS","NY.GDP.MKTP.CD","2015","12162211503.0793"
"1449","MUS","NY.GDP.MKTP.CD","2014","13230490081.5656"
"1450","MEX","NY.GDP.MKTP.CD","2025","1832641364775.5200"
"1451","MEX","NY.GDP.MKTP.CD","2024","1830489311088.8900"
"1452","MEX","NY.GDP.MKTP.CD","2023","1794410347718.2500"
"1453","MEX","NY.GDP.MKTP.CD","2022","1466934724243.3800"
"1454","MEX","NY.GDP.MKTP.CD","2021","1316569466833.9400"
"1455","MEX","NY.GDP.MKTP.CD","2020","1121064767168.8000"
"1456","MEX","NY.GDP.MKTP.CD","2019","1304106204006.2700"
"1457","MEX","NY.GDP.MKTP.CD","2018","1256300182983.6500"
"1458","MEX","NY.GDP.MKTP.CD","2017","1190721475853.1600"
"1459","MEX","NY.GDP.MKTP.CD","2016","1112233497452.7000"
"1460","MEX","NY.GDP.MKTP.CD","2015","1213294467653.7800"
"1461","MEX","NY.GDP.MKTP.CD","2014","1364507717689.3600"
"1462","FSM","NY.GDP.MKTP.CD","2025","501797600.0000"
"1463","FSM","NY.GDP.MKTP.CD","2024","481121300.0000"
"1464","FSM","NY.GDP.MKTP.CD","2023","442975600.0000"
"1465","FSM","NY.GDP.MKTP.CD","2022","415232900.0000"
"1466","FSM","NY.GDP.MKTP.CD","2021","391601900.0000"
"1467","FSM","NY.GDP.MKTP.CD","2020","372902700.0000"
"1468","FSM","NY.GDP.MKTP.CD","2019","395000000.0000"
"1469","FSM","NY.GDP.MKTP.CD","2018","394000000.0000"
"1470","FSM","NY.GDP.MKTP.CD","2017","361000000.0000"
"1471","FSM","NY.GDP.MKTP.CD","2016","327000000.0000"
"1472","FSM","NY.GDP.MKTP.CD","2015","312000000.0000"
"1473","FSM","NY.GDP.MKTP.CD","2014","316000000.0000"
"1474","MDA","NY.GDP.MKTP.CD","2025","20351796275.2943"
"1475","MDA","NY.GDP.MKTP.CD","2024","18206842140.7615"
"1476","MDA","NY.GDP.MKTP.CD","2023","16711906746.2133"
"1477","MDA","NY.GDP.MKTP.CD","2022","14525337523.7271"
"1478","MDA","NY.GDP.MKTP.CD","2021","13691869264.0794"
"1479","MDA","NY.GDP.MKTP.CD","2020","11530746234.4492"
"1480","MDA","NY.GDP.MKTP.CD","2019","11736797054.6965"
"1481","MDA","NY.GDP.MKTP.CD","2018","11252353420.8798"
"1482","MDA","NY.GDP.MKTP.CD","2017","9514404016.2095"
"1483","MDA","NY.GDP.MKTP.CD","2016","7980917075.7748"
"1484","MDA","NY.GDP.MKTP.CD","2015","7797667196.7309"
"1485","MDA","NY.GDP.MKTP.CD","2014","9402090137.7423"
"1486","MCO","NY.GDP.MKTP.CD","2024","11125788838.2812"
"1487","MCO","NY.GDP.MKTP.CD","2023","10003897341.1766"
"1488","MCO","NY.GDP.MKTP.CD","2022","8800432773.7354"
"1489","MCO","NY.GDP.MKTP.CD","2021","8623241326.7441"
"1490","MCO","NY.GDP.MKTP.CD","2020","6730733230.8171"
"1491","MCO","NY.GDP.MKTP.CD","2019","7383494129.4118"
"1492","MCO","NY.GDP.MKTP.CD","2018","7184336760.3922"
"1493","MCO","NY.GDP.MKTP.CD","2017","6430258224.5883"
"1494","MCO","NY.GDP.MKTP.CD","2016","6471287668.5992"
"1495","MCO","NY.GDP.MKTP.CD","2015","6264753585.6250"
"1496","MCO","NY.GDP.MKTP.CD","2014","7070015473.9608"
"1497","MNG","NY.GDP.MKTP.CD","2025","25369107325.4549"
"1498","MNG","NY.GDP.MKTP.CD","2024","23794540024.5132"
"1499","MNG","NY.GDP.MKTP.CD","2023","20325121393.9074"
"1500","MNG","NY.GDP.MKTP.CD","2022","17146471713.7480"
"1501","MNG","NY.GDP.MKTP.CD","2021","15286441737.6686"
"1502","MNG","NY.GDP.MKTP.CD","2020","13312981429.0891"
"1503","MNG","NY.GDP.MKTP.CD","2019","14206359017.5143"
"1504","MNG","NY.GDP.MKTP.CD","2018","13178094720.4986"
"1505","MNG","NY.GDP.MKTP.CD","2017","11480847740.7360"
"1506","MNG","NY.GDP.MKTP.CD","2016","11181350649.3573"
"1507","MNG","NY.GDP.MKTP.CD","2015","11619892590.6941"
"1508","MNG","NY.GDP.MKTP.CD","2014","12226514668.0622"
"1509","MNE","NY.GDP.MKTP.CD","2025","9232801464.7926"
"1510","MNE","NY.GDP.MKTP.CD","2024","8274290505.9637"
"1511","MNE","NY.GDP.MKTP.CD","2023","7643318276.4035"
"1512","MNE","NY.GDP.MKTP.CD","2022","6259721790.0652"
"1513","MNE","NY.GDP.MKTP.CD","2021","5822908963.5805"
"1514","MNE","NY.GDP.MKTP.CD","2020","4734192593.2917"
"1515","MNE","NY.GDP.MKTP.CD","2019","5483622632.1310"
"1516","MNE","NY.GDP.MKTP.CD","2018","5433469310.8518"
"1517","MNE","NY.GDP.MKTP.CD","2017","4803964684.2165"
"1518","MNE","NY.GDP.MKTP.CD","2016","4357467226.2690"
"1519","MNE","NY.GDP.MKTP.CD","2015","4010884106.8014"
"1520","MNE","NY.GDP.MKTP.CD","2014","4579635403.6525"
"1521","MAR","NY.GDP.MKTP.CD","2025","182374250612.2800"
"1522","MAR","NY.GDP.MKTP.CD","2024","160610994054.7340"
"1523","MAR","NY.GDP.MKTP.CD","2023","146036093666.7620"
"1524","MAR","NY.GDP.MKTP.CD","2022","131245312804.4830"
"1525","MAR","NY.GDP.MKTP.CD","2021","142022058447.2310"
"1526","MAR","NY.GDP.MKTP.CD","2020","121353645057.1440"
"1527","MAR","NY.GDP.MKTP.CD","2019","128920266409.4580"
"1528","MAR","NY.GDP.MKTP.CD","2018","127341147581.8180"
"1529","MAR","NY.GDP.MKTP.CD","2017","118540573367.8440"
"1530","MAR","NY.GDP.MKTP.CD","2016","111572947004.9170"
"1531","MAR","NY.GDP.MKTP.CD","2015","110413823841.5920"
"1532","MAR","NY.GDP.MKTP.CD","2014","119130841411.6640"
"1533","MOZ","NY.GDP.MKTP.CD","2025","22337997046.1913"
"1534","MOZ","NY.GDP.MKTP.CD","2024","22752244245.4730"
"1535","MOZ","NY.GDP.MKTP.CD","2023","20927498317.3094"
"1536","MOZ","NY.GDP.MKTP.CD","2022","18884232598.8698"
"1537","MOZ","NY.GDP.MKTP.CD","2021","16168055475.4449"
"1538","MOZ","NY.GDP.MKTP.CD","2020","14235420174.1884"
"1539","MOZ","NY.GDP.MKTP.CD","2019","15512759046.6720"
"1540","MOZ","NY.GDP.MKTP.CD","2018","15017358952.8452"
"1541","MOZ","NY.GDP.MKTP.CD","2017","13264640645.7768"
"1542","MOZ","NY.GDP.MKTP.CD","2016","12069051237.1711"
"1543","MOZ","NY.GDP.MKTP.CD","2015","16208985769.6150"
"1544","MOZ","NY.GDP.MKTP.CD","2014","17978246586.0662"
"1545","MMR","NY.GDP.MKTP.CD","2025","81665773809.5238"
"1546","MMR","NY.GDP.MKTP.CD","2024","74068349523.8095"
"1547","MMR","NY.GDP.MKTP.CD","2023","66757619000.0000"
"1548","MMR","NY.GDP.MKTP.CD","2022","62253049891.6449"
"1549","MMR","NY.GDP.MKTP.CD","2021","66345291160.1683"
"1550","MMR","NY.GDP.MKTP.CD","2020","79006113643.1906"
"1551","MMR","NY.GDP.MKTP.CD","2019","75065106227.6892"
"1552","MMR","NY.GDP.MKTP.CD","2018","67860515989.5170"
"1553","MMR","NY.GDP.MKTP.CD","2017","66053040483.0016"
"1554","MMR","NY.GDP.MKTP.CD","2016","63298361996.2153"
"1555","MMR","NY.GDP.MKTP.CD","2015","59607290407.6191"
"1556","MMR","NY.GDP.MKTP.CD","2014","65531374199.6663"
"1557","NAM","NY.GDP.MKTP.CD","2025","15080340653.5276"
"1558","NAM","NY.GDP.MKTP.CD","2024","13641190683.4641"
"1559","NAM","NY.GDP.MKTP.CD","2023","12522012873.7957"
"1560","NAM","NY.GDP.MKTP.CD","2022","12569449123.3661"
"1561","NAM","NY.GDP.MKTP.CD","2021","12402486183.6396"
"1562","NAM","NY.GDP.MKTP.CD","2020","10583748541.5258"
"1563","NAM","NY.GDP.MKTP.CD","2019","12541928303.4800"
"1564","NAM","NY.GDP.MKTP.CD","2018","13682019076.4022"
"1565","NAM","NY.GDP.MKTP.CD","2017","12895153370.9132"
"1566","NAM","NY.GDP.MKTP.CD","2016","10722018732.0936"
"1567","NAM","NY.GDP.MKTP.CD","2015","11335161083.5061"
"1568","NAM","NY.GDP.MKTP.CD","2014","12435430969.6301"
"1569","NRU","NY.GDP.MKTP.CD","2025","176040043.9323"
"1570","NRU","NY.GDP.MKTP.CD","2024","167833414.8462"
"1571","NRU","NY.GDP.MKTP.CD","2023","161531316.8841"
"1572","NRU","NY.GDP.MKTP.CD","2022","180671357.3498"
"1573","NRU","NY.GDP.MKTP.CD","2021","149268323.9929"
"1574","NRU","NY.GDP.MKTP.CD","2020","124685688.1611"
"1575","NRU","NY.GDP.MKTP.CD","2019","125160115.5478"
"1576","NRU","NY.GDP.MKTP.CD","2018","130995566.3039"
"1577","NRU","NY.GDP.MKTP.CD","2017","109355638.8670"
"1578","NRU","NY.GDP.MKTP.CD","2016","97541943.0355"
"1579","NRU","NY.GDP.MKTP.CD","2015","84863440.5802"
"1580","NRU","NY.GDP.MKTP.CD","2014","99149244.4001"
"1581","NPL","NY.GDP.MKTP.CD","2025","45489810283.1132"
"1582","NPL","NY.GDP.MKTP.CD","2024","43298911699.9284"
"1583","NPL","NY.GDP.MKTP.CD","2023","41049329851.0546"
"1584","NPL","NY.GDP.MKTP.CD","2022","41182939519.8161"
"1585","NPL","NY.GDP.MKTP.CD","2021","36924841394.2605"
"1586","NPL","NY.GDP.MKTP.CD","2020","33433659301.2466"
"1587","NPL","NY.GDP.MKTP.CD","2019","34186180699.0255"
"1588","NPL","NY.GDP.MKTP.CD","2018","33111525237.1490"
"1589","NPL","NY.GDP.MKTP.CD","2017","28971588940.3640"
"1590","NPL","NY.GDP.MKTP.CD","2016","24524109483.5293"
"1591","NPL","NY.GDP.MKTP.CD","2015","24360801286.7638"
"1592","NPL","NY.GDP.MKTP.CD","2014","22731612922.1906"
"1593","NLD","NY.GDP.MKTP.CD","2025","1332767651100.3900"
"1594","NLD","NY.GDP.MKTP.CD","2024","1213936238063.2800"
"1595","NLD","NY.GDP.MKTP.CD","2023","1135475867551.0000"
"1596","NLD","NY.GDP.MKTP.CD","2022","1046540797548.6400"
"1597","NLD","NY.GDP.MKTP.CD","2021","1054472123449.6000"
"1598","NLD","NY.GDP.MKTP.CD","2020","932560861701.1700"
"1599","NLD","NY.GDP.MKTP.CD","2019","928903005576.4690"
"1600","NLD","NY.GDP.MKTP.CD","2018","929733599796.8620"
"1601","NLD","NY.GDP.MKTP.CD","2017","848233537845.8840"
"1602","NLD","NY.GDP.MKTP.CD","2016","797163949289.8850"
"1603","NLD","NY.GDP.MKTP.CD","2015","775743675302.7340"
"1604","NLD","NY.GDP.MKTP.CD","2014","901556501756.4670"
"1605","NCL","NY.GDP.MKTP.CD","2024","8548919387.1261"
"1606","NCL","NY.GDP.MKTP.CD","2023","9769167530.3574"
"1607","NCL","NY.GDP.MKTP.CD","2022","9623318718.3146"
"1608","NCL","NY.GDP.MKTP.CD","2021","10071349663.8484"
"1609","NCL","NY.GDP.MKTP.CD","2020","9454629467.9141"
"1610","NCL","NY.GDP.MKTP.CD","2019","9475655324.5950"
"1611","NCL","NY.GDP.MKTP.CD","2018","9896402283.6859"
"1612","NCL","NY.GDP.MKTP.CD","2017","9174048681.9858"
"1613","NCL","NY.GDP.MKTP.CD","2016","8724568954.8980"
"1614","NCL","NY.GDP.MKTP.CD","2015","8738203074.3957"
"1615","NCL","NY.GDP.MKTP.CD","2014","10635035594.7528"
"1616","NZL","NY.GDP.MKTP.CD","2025","264057413739.9650"
"1617","NZL","NY.GDP.MKTP.CD","2024","261497198363.9060"
"1618","NZL","NY.GDP.MKTP.CD","2023","256372177757.7640"
"1619","NZL","NY.GDP.MKTP.CD","2022","249723029451.2370"
"1620","NZL","NY.GDP.MKTP.CD","2021","253732493987.8340"
"1621","NZL","NY.GDP.MKTP.CD","2020","213318129988.6020"
"1622","NZL","NY.GDP.MKTP.CD","2019","213088034258.4200"
"1623","NZL","NY.GDP.MKTP.CD","2018","211726161989.4950"
"1624","NZL","NY.GDP.MKTP.CD","2017","206561943051.3540"
"1625","NZL","NY.GDP.MKTP.CD","2016","188980351890.8480"
"1626","NZL","NY.GDP.MKTP.CD","2015","178147457242.9780"
"1627","NZL","NY.GDP.MKTP.CD","2014","201435445068.1640"
"1628","NIC","NY.GDP.MKTP.CD","2025","22237167113.0916"
"1629","NIC","NY.GDP.MKTP.CD","2024","19696311850.3289"
"1630","NIC","NY.GDP.MKTP.CD","2023","17805842220.7571"
"1631","NIC","NY.GDP.MKTP.CD","2022","15634573555.9049"
"1632","NIC","NY.GDP.MKTP.CD","2021","14209019392.3025"
"1633","NIC","NY.GDP.MKTP.CD","2020","12726422432.4868"
"1634","NIC","NY.GDP.MKTP.CD","2019","12699023614.2450"
"1635","NIC","NY.GDP.MKTP.CD","2018","13025221974.2320"
"1636","NIC","NY.GDP.MKTP.CD","2017","13785893007.4769"
"1637","NIC","NY.GDP.MKTP.CD","2016","13286093388.4752"
"1638","NIC","NY.GDP.MKTP.CD","2015","12756696261.0676"
"1639","NIC","NY.GDP.MKTP.CD","2014","11880438824.4494"
"1640","NER","NY.GDP.MKTP.CD","2025","21646191388.2507"
"1641","NER","NY.GDP.MKTP.CD","2024","19729786046.7618"
"1642","NER","NY.GDP.MKTP.CD","2023","16949765463.9058"
"1643","NER","NY.GDP.MKTP.CD","2022","15531799640.9005"
"1644","NER","NY.GDP.MKTP.CD","2021","14936154253.3242"
"1645","NER","NY.GDP.MKTP.CD","2020","13648332189.7307"
"1646","NER","NY.GDP.MKTP.CD","2019","12420836506.7888"
"1647","NER","NY.GDP.MKTP.CD","2018","12800907985.9863"
"1648","NER","NY.GDP.MKTP.CD","2017","11359273443.3897"
"1649","NER","NY.GDP.MKTP.CD","2016","10341025540.2322"
"1650","NER","NY.GDP.MKTP.CD","2015","9683867926.4428"
"1651","NER","NY.GDP.MKTP.CD","2014","10862943543.5419"
"1652","NGA","NY.GDP.MKTP.CD","2025","290794361542.1120"
"1653","NGA","NY.GDP.MKTP.CD","2024","252261880140.2710"
"1654","NGA","NY.GDP.MKTP.CD","2023","487387801877.8030"
"1655","NGA","NY.GDP.MKTP.CD","2022","646950257575.4550"
"1656","NGA","NY.GDP.MKTP.CD","2021","609147716965.3480"
"1657","NGA","NY.GDP.MKTP.CD","2020","598586817817.3920"
"1658","NGA","NY.GDP.MKTP.CD","2019","668219992686.5750"
"1659","NGA","NY.GDP.MKTP.CD","2018","421739251509.0800"
"1660","NGA","NY.GDP.MKTP.CD","2017","375745731053.4270"
"1661","NGA","NY.GDP.MKTP.CD","2016","404649125252.1600"
"1662","NGA","NY.GDP.MKTP.CD","2015","493026682800.6300"
"1663","NGA","NY.GDP.MKTP.CD","2014","574183763411.5080"
"1664","MKD","NY.GDP.MKTP.CD","2025","19101199817.0174"
"1665","MKD","NY.GDP.MKTP.CD","2024","16951682221.3962"
"1666","MKD","NY.GDP.MKTP.CD","2023","15855131188.9092"
"1667","MKD","NY.GDP.MKTP.CD","2022","13932436550.0883"
"1668","MKD","NY.GDP.MKTP.CD","2021","14000283827.0154"
"1669","MKD","NY.GDP.MKTP.CD","2020","12361036913.8409"
"1670","MKD","NY.GDP.MKTP.CD","2019","12606338448.5470"
"1671","MKD","NY.GDP.MKTP.CD","2018","12683068114.2388"
"1672","MKD","NY.GDP.MKTP.CD","2017","11307067069.6658"
"1673","MKD","NY.GDP.MKTP.CD","2016","10672467073.2873"
"1674","MKD","NY.GDP.MKTP.CD","2015","10064519962.5655"
"1675","MKD","NY.GDP.MKTP.CD","2014","11362265252.7780"
"1676","MNP","NY.GDP.MKTP.CD","2022","1096000000.0000"
"1677","MNP","NY.GDP.MKTP.CD","2021","914000000.0000"
"1678","MNP","NY.GDP.MKTP.CD","2020","866000000.0000"
"1679","MNP","NY.GDP.MKTP.CD","2019","1179000000.0000"
"1680","MNP","NY.GDP.MKTP.CD","2018","1301000000.0000"
"1681","MNP","NY.GDP.MKTP.CD","2017","1560000000.0000"
"1682","MNP","NY.GDP.MKTP.CD","2016","1230000000.0000"
"1683","MNP","NY.GDP.MKTP.CD","2015","910000000.0000"
"1684","MNP","NY.GDP.MKTP.CD","2014","832000000.0000"
"1685","NOR","NY.GDP.MKTP.CD","2025","530755719438.8790"
"1686","NOR","NY.GDP.MKTP.CD","2024","500886328034.1230"
"1687","NOR","NY.GDP.MKTP.CD","2023","502197633322.8160"
"1688","NOR","NY.GDP.MKTP.CD","2022","617321834098.9860"
"1689","NOR","NY.GDP.MKTP.CD","2021","521592200232.8290"
"1690","NOR","NY.GDP.MKTP.CD","2020","382252517921.9400"
"1691","NOR","NY.GDP.MKTP.CD","2019","424244886363.6360"
"1692","NOR","NY.GDP.MKTP.CD","2018","454588871810.6360"
"1693","NOR","NY.GDP.MKTP.CD","2017","415673181543.4210"
"1694","NOR","NY.GDP.MKTP.CD","2016","383284047619.0480"
"1695","NOR","NY.GDP.MKTP.CD","2015","400669174330.8880"
"1696","NOR","NY.GDP.MKTP.CD","2014","515829568897.1170"
"1697","OMN","NY.GDP.MKTP.CD","2025","109604780696.2300"
"1698","OMN","NY.GDP.MKTP.CD","2024","107137198699.6100"
"1699","OMN","NY.GDP.MKTP.CD","2023","106174707932.3800"
"1700","OMN","NY.GDP.MKTP.CD","2022","109852795838.7520"
"1701","OMN","NY.GDP.MKTP.CD","2021","87323797139.1417"
"1702","OMN","NY.GDP.MKTP.CD","2020","75909492847.8544"
"1703","OMN","NY.GDP.MKTP.CD","2019","88060858257.4772"
"1704","OMN","NY.GDP.MKTP.CD","2018","91505851755.5267"
"1705","OMN","NY.GDP.MKTP.CD","2017","80856697009.1027"
"1706","OMN","NY.GDP.MKTP.CD","2016","75128738621.5865"
"1707","OMN","NY.GDP.MKTP.CD","2015","78710793237.9714"
"1708","OMN","NY.GDP.MKTP.CD","2014","92699089726.9181"
"1709","PAK","NY.GDP.MKTP.CD","2025","407307214476.2220"
"1710","PAK","NY.GDP.MKTP.CD","2024","371747087751.3060"
"1711","PAK","NY.GDP.MKTP.CD","2023","336686348609.2660"
"1712","PAK","NY.GDP.MKTP.CD","2022","374890295666.6940"
"1713","PAK","NY.GDP.MKTP.CD","2021","348516647445.1480"
"1714","PAK","NY.GDP.MKTP.CD","2020","300425609817.9810"
"1715","PAK","NY.GDP.MKTP.CD","2019","320909472770.6690"
"1716","PAK","NY.GDP.MKTP.CD","2018","356128166704.9210"
"1717","PAK","NY.GDP.MKTP.CD","2017","339205534861.1000"
"1718","PAK","NY.GDP.MKTP.CD","2016","313630000130.4350"
"1719","PAK","NY.GDP.MKTP.CD","2015","299963590534.7730"
"1720","PAK","NY.GDP.MKTP.CD","2014","271390474857.6320"
"1721","PLW","NY.GDP.MKTP.CD","2025","345000000.0000"
"1722","PLW","NY.GDP.MKTP.CD","2024","321501812.5000"
"1723","PLW","NY.GDP.MKTP.CD","2023","276157406.2500"
"1724","PLW","NY.GDP.MKTP.CD","2022","247470812.5000"
"1725","PLW","NY.GDP.MKTP.CD","2021","235935734.3750"
"1726","PLW","NY.GDP.MKTP.CD","2020","258985859.3750"
"1727","PLW","NY.GDP.MKTP.CD","2019","281954000.0000"
"1728","PLW","NY.GDP.MKTP.CD","2018","288228343.7500"
"1729","PLW","NY.GDP.MKTP.CD","2017","289983656.2500"
"1730","PLW","NY.GDP.MKTP.CD","2016","303326125.0000"
"1731","PLW","NY.GDP.MKTP.CD","2015","283224750.0000"
"1732","PLW","NY.GDP.MKTP.CD","2014","245436546.8750"
"1733","PAN","NY.GDP.MKTP.CD","2025","90462600000.0000"
"1734","PAN","NY.GDP.MKTP.CD","2024","86523959100.0000"
"1735","PAN","NY.GDP.MKTP.CD","2023","83812155200.0000"
"1736","PAN","NY.GDP.MKTP.CD","2022","76479304500.0000"
"1737","PAN","NY.GDP.MKTP.CD","2021","67396392500.0000"
"1738","PAN","NY.GDP.MKTP.CD","2020","57059846500.0000"
"1739","PAN","NY.GDP.MKTP.CD","2019","69778991200.0000"
"1740","PAN","NY.GDP.MKTP.CD","2018","67316471200.0000"
"1741","PAN","NY.GDP.MKTP.CD","2017","64327688800.0000"
"1742","PAN","NY.GDP.MKTP.CD","2016","59760858700.0000"
"1743","PAN","NY.GDP.MKTP.CD","2015","55767806100.0000"
"1744","PAN","NY.GDP.MKTP.CD","2014","51427104900.0000"
"1745","PNG","NY.GDP.MKTP.CD","2025","32498658653.8415"
"1746","PNG","NY.GDP.MKTP.CD","2024","30803971189.4102"
"1747","PNG","NY.GDP.MKTP.CD","2023","30816328065.6492"
"1748","PNG","NY.GDP.MKTP.CD","2022","31653230962.4549"
"1749","PNG","NY.GDP.MKTP.CD","2021","26113409477.7318"
"1750","PNG","NY.GDP.MKTP.CD","2020","23848447849.6081"
"1751","PNG","NY.GDP.MKTP.CD","2019","24750626029.8777"
"1752","PNG","NY.GDP.MKTP.CD","2018","24109780708.0268"
"1753","PNG","NY.GDP.MKTP.CD","2017","22742699138.3560"
"1754","PNG","NY.GDP.MKTP.CD","2016","20758876952.6232"
"1755","PNG","NY.GDP.MKTP.CD","2015","21723437010.0982"
"1756","PNG","NY.GDP.MKTP.CD","2014","23210823987.3080"
"1757","PRY","NY.GDP.MKTP.CD","2025","49278227554.3339"
"1758","PRY","NY.GDP.MKTP.CD","2024","44738819362.3269"
"1759","PRY","NY.GDP.MKTP.CD","2023","43140465595.6662"
"1760","PRY","NY.GDP.MKTP.CD","2022","41841201626.7253"
"1761","PRY","NY.GDP.MKTP.CD","2021","39937357255.8716"
"1762","PRY","NY.GDP.MKTP.CD","2020","35432178068.1814"
"1763","PRY","NY.GDP.MKTP.CD","2019","37925338329.1494"
"1764","PRY","NY.GDP.MKTP.CD","2018","40225448340.6322"
"1765","PRY","NY.GDP.MKTP.CD","2017","38997129473.5558"
"1766","PRY","NY.GDP.MKTP.CD","2016","36089700222.9461"
"1767","PRY","NY.GDP.MKTP.CD","2015","36211447840.0971"
"1768","PRY","NY.GDP.MKTP.CD","2014","40377929295.6419"
"1769","PER","NY.GDP.MKTP.CD","2025","334854659181.8930"
"1770","PER","NY.GDP.MKTP.CD","2024","291751523018.9030"
"1771","PER","NY.GDP.MKTP.CD","2023","268025009709.3190"
"1772","PER","NY.GDP.MKTP.CD","2022","246169867862.8210"
"1773","PER","NY.GDP.MKTP.CD","2021","226406075008.8780"
"1774","PER","NY.GDP.MKTP.CD","2020","201409694755.9340"
"1775","PER","NY.GDP.MKTP.CD","2019","228346006003.6480"
"1776","PER","NY.GDP.MKTP.CD","2018","222597009739.2350"
"1777","PER","NY.GDP.MKTP.CD","2017","211007984080.9110"
"1778","PER","NY.GDP.MKTP.CD","2016","191898104390.3790"
"1779","PER","NY.GDP.MKTP.CD","2015","189802976285.6190"
"1780","PER","NY.GDP.MKTP.CD","2014","200786250582.9430"
"1781","PHL","NY.GDP.MKTP.CD","2025","487086123720.4170"
"1782","PHL","NY.GDP.MKTP.CD","2024","461671157904.7400"
"1783","PHL","NY.GDP.MKTP.CD","2023","437055627245.1380"
"1784","PHL","NY.GDP.MKTP.CD","2022","404353369604.6310"
"1785","PHL","NY.GDP.MKTP.CD","2021","394087359848.1100"
"1786","PHL","NY.GDP.MKTP.CD","2020","361751145451.5970"
"1787","PHL","NY.GDP.MKTP.CD","2019","376823402239.1360"
"1788","PHL","NY.GDP.MKTP.CD","2018","346841896587.3130"
"1789","PHL","NY.GDP.MKTP.CD","2017","328480736802.7600"
"1790","PHL","NY.GDP.MKTP.CD","2016","318627003016.7310"
"1791","PHL","NY.GDP.MKTP.CD","2015","306445871242.3220"
"1792","PHL","NY.GDP.MKTP.CD","2014","297483555338.0440"
"1793","POL","NY.GDP.MKTP.CD","2025","1035491784197.4400"
"1794","POL","NY.GDP.MKTP.CD","2024","917767106146.7610"
"1795","POL","NY.GDP.MKTP.CD","2023","812451193396.1430"
"1796","POL","NY.GDP.MKTP.CD","2022","695607470875.2760"
"1797","POL","NY.GDP.MKTP.CD","2021","689170230665.3500"
"1798","POL","NY.GDP.MKTP.CD","2020","605914237903.7420"
"1799","POL","NY.GDP.MKTP.CD","2019","602683770144.8800"
"1800","POL","NY.GDP.MKTP.CD","2018","594616632477.0190"
"1801","POL","NY.GDP.MKTP.CD","2017","528356723263.0730"
"1802","POL","NY.GDP.MKTP.CD","2016","473259623976.2620"
"1803","POL","NY.GDP.MKTP.CD","2015","480054118583.3670"
"1804","POL","NY.GDP.MKTP.CD","2014","542134167178.6270"
"1805","PRT","NY.GDP.MKTP.CD","2025","346639825141.8210"
"1806","PRT","NY.GDP.MKTP.CD","2024","313656884870.8590"
"1807","PRT","NY.GDP.MKTP.CD","2023","292323800948.8390"
"1808","PRT","NY.GDP.MKTP.CD","2022","256898677175.0240"
"1809","PRT","NY.GDP.MKTP.CD","2021","256055879091.1390"
"1810","PRT","NY.GDP.MKTP.CD","2020","229618773422.5770"
"1811","PRT","NY.GDP.MKTP.CD","2019","240115970063.0190"
"1812","PRT","NY.GDP.MKTP.CD","2018","242092894542.8880"
"1813","PRT","NY.GDP.MKTP.CD","2017","220862990767.2290"
"1814","PRT","NY.GDP.MKTP.CD","2016","206305431241.6380"
"1815","PRT","NY.GDP.MKTP.CD","2015","199038523119.6390"
"1816","PRT","NY.GDP.MKTP.CD","2014","230078616299.6750"
"1817","PRI","NY.GDP.MKTP.CD","2025","129368484000.0000"
"1818","PRI","NY.GDP.MKTP.CD","2024","126029527033.7050"
"1819","PRI","NY.GDP.MKTP.CD","2023","118478754280.8820"
"1820","PRI","NY.GDP.MKTP.CD","2022","113843700000.0000"
"1821","PRI","NY.GDP.MKTP.CD","2021","106426600000.0000"
"1822","PRI","NY.GDP.MKTP.CD","2020","103130900000.0000"
"1823","PRI","NY.GDP.MKTP.CD","2019","105126400000.0000"
"1824","PRI","NY.GDP.MKTP.CD","2018","100958100000.0000"
"1825","PRI","NY.GDP.MKTP.CD","2017","103445500000.0000"
"1826","PRI","NY.GDP.MKTP.CD","2016","104336700000.0000"
"1827","PRI","NY.GDP.MKTP.CD","2015","103375500000.0000"
"1828","PRI","NY.GDP.MKTP.CD","2014","102445800000.0000"
"1829","QAT","NY.GDP.MKTP.CD","2025","215559615384.6150"
"1830","QAT","NY.GDP.MKTP.CD","2024","216294505494.5050"
"1831","QAT","NY.GDP.MKTP.CD","2023","213002809340.6590"
"1832","QAT","NY.GDP.MKTP.CD","2022","235709325714.2860"
"1833","QAT","NY.GDP.MKTP.CD","2021","179732009560.4400"
"1834","QAT","NY.GDP.MKTP.CD","2020","144411363351.6480"
"1835","QAT","NY.GDP.MKTP.CD","2019","176371267692.3080"
"1836","QAT","NY.GDP.MKTP.CD","2018","183334953818.6810"
"1837","QAT","NY.GDP.MKTP.CD","2017","161099122225.2750"
"1838","QAT","NY.GDP.MKTP.CD","2016","151732181868.1320"
"1839","QAT","NY.GDP.MKTP.CD","2015","161739955576.9230"
"1840","QAT","NY.GDP.MKTP.CD","2014","206224598571.4290"
"1841","ROU","NY.GDP.MKTP.CD","2025","428677977854.8260"
"1842","ROU","NY.GDP.MKTP.CD","2024","382564217988.8660"
"1843","ROU","NY.GDP.MKTP.CD","2023","347757995758.9140"
"1844","ROU","NY.GDP.MKTP.CD","2022","295317862855.9240"
"1845","ROU","NY.GDP.MKTP.CD","2021","285072444957.2160"
"1846","ROU","NY.GDP.MKTP.CD","2020","250624575871.8190"
"1847","ROU","NY.GDP.MKTP.CD","2019","250080428511.5950"
"1848","ROU","NY.GDP.MKTP.CD","2018","241791427223.9030"
"1849","ROU","NY.GDP.MKTP.CD","2017","210147385855.4190"
"1850","ROU","NY.GDP.MKTP.CD","2016","185290759248.8440"
"1851","ROU","NY.GDP.MKTP.CD","2015","177885131240.3150"
"1852","ROU","NY.GDP.MKTP.CD","2014","199722319675.7410"
"1853","RUS","NY.GDP.MKTP.CD","2025","2561310169358.7400"
"1854","RUS","NY.GDP.MKTP.CD","2024","2186462268813.0800"
"1855","RUS","NY.GDP.MKTP.CD","2023","2046284838151.0900"
"1856","RUS","NY.GDP.MKTP.CD","2022","2292495097681.4700"
"1857","RUS","NY.GDP.MKTP.CD","2021","1829186719575.1000"
"1858","RUS","NY.GDP.MKTP.CD","2020","1493075894362.1400"
"1859","RUS","NY.GDP.MKTP.CD","2019","1693115002708.3200"
"1860","RUS","NY.GDP.MKTP.CD","2018","1657328773461.3100"
"1861","RUS","NY.GDP.MKTP.CD","2017","1574199360089.0000"
"1862","RUS","NY.GDP.MKTP.CD","2016","1276786350881.1400"
"1863","RUS","NY.GDP.MKTP.CD","2015","1363482182197.7100"
"1864","RUS","NY.GDP.MKTP.CD","2014","2059241589895.0100"
"1865","RWA","NY.GDP.MKTP.CD","2025","16372132990.2271"
"1866","RWA","NY.GDP.MKTP.CD","2024","15111064181.9687"
"1867","RWA","NY.GDP.MKTP.CD","2023","14806501437.2820"
"1868","RWA","NY.GDP.MKTP.CD","2022","13747404814.2677"
"1869","RWA","NY.GDP.MKTP.CD","2021","11252894909.5043"
"1870","RWA","NY.GDP.MKTP.CD","2020","10487146253.4025"
"1871","RWA","NY.GDP.MKTP.CD","2019","10519272170.3346"
"1872","RWA","NY.GDP.MKTP.CD","2018","9650161136.1765"
"1873","RWA","NY.GDP.MKTP.CD","2017","9164345443.2575"
"1874","RWA","NY.GDP.MKTP.CD","2016","8596812240.5231"
"1875","RWA","NY.GDP.MKTP.CD","2015","8447064078.8437"
"1876","RWA","NY.GDP.MKTP.CD","2014","8129984483.7873"
"1877","WSM","NY.GDP.MKTP.CD","2025","1287936621.6462"
"1878","WSM","NY.GDP.MKTP.CD","2024","1175749785.6511"
"1879","WSM","NY.GDP.MKTP.CD","2023","1044909500.0253"
"1880","WSM","NY.GDP.MKTP.CD","2022","889554711.8423"
"1881","WSM","NY.GDP.MKTP.CD","2021","859724936.0577"
"1882","WSM","NY.GDP.MKTP.CD","2020","868884902.9531"
"1883","WSM","NY.GDP.MKTP.CD","2019","912950466.0649"
"1884","WSM","NY.GDP.MKTP.CD","2018","878448433.4043"
"1885","WSM","NY.GDP.MKTP.CD","2017","884844384.4632"
"1886","WSM","NY.GDP.MKTP.CD","2016","843924796.6974"
"1887","WSM","NY.GDP.MKTP.CD","2015","824150498.6535"
"1888","WSM","NY.GDP.MKTP.CD","2014","796683519.5938"
"1889","SMR","NY.GDP.MKTP.CD","2023","2027243193.5116"
"1890","SMR","NY.GDP.MKTP.CD","2022","1831701022.8708"
"1891","SMR","NY.GDP.MKTP.CD","2021","1855395712.2147"
"1892","SMR","NY.GDP.MKTP.CD","2020","1544713784.6767"
"1893","SMR","NY.GDP.MKTP.CD","2019","1616231696.0486"
"1894","SMR","NY.GDP.MKTP.CD","2018","1655354328.7918"
"1895","SMR","NY.GDP.MKTP.CD","2017","1528621192.8860"
"1896","SMR","NY.GDP.MKTP.CD","2016","1468342400.0825"
"1897","SMR","NY.GDP.MKTP.CD","2015","1419400395.7330"
"1898","SMR","NY.GDP.MKTP.CD","2014","1673910988.2353"
"1899","STP","NY.GDP.MKTP.CD","2025","981293586.9064"
"1900","STP","NY.GDP.MKTP.CD","2024","824992558.0454"
"1901","STP","NY.GDP.MKTP.CD","2023","690456806.6964"
"1902","STP","NY.GDP.MKTP.CD","2022","540809499.1893"
"1903","STP","NY.GDP.MKTP.CD","2021","524402455.5482"
"1904","STP","NY.GDP.MKTP.CD","2020","471229484.6071"
"1905","STP","NY.GDP.MKTP.CD","2019","412976082.6207"
"1906","STP","NY.GDP.MKTP.CD","2018","383717327.8305"
"1907","STP","NY.GDP.MKTP.CD","2017","322002845.2293"
"1908","STP","NY.GDP.MKTP.CD","2016","292267272.1969"
"1909","STP","NY.GDP.MKTP.CD","2015","259999643.0474"
"1910","STP","NY.GDP.MKTP.CD","2014","293119143.2468"
"1911","SAU","NY.GDP.MKTP.CD","2025","1276942933333.3300"
"1912","SAU","NY.GDP.MKTP.CD","2024","1254140800000.0000"
"1913","SAU","NY.GDP.MKTP.CD","2023","1218584800000.0000"
"1914","SAU","NY.GDP.MKTP.CD","2022","1239075200000.0000"
"1915","SAU","NY.GDP.MKTP.CD","2021","982661066666.6670"
"1916","SAU","NY.GDP.MKTP.CD","2020","767951200000.0000"
"1917","SAU","NY.GDP.MKTP.CD","2019","888890133333.3330"
"1918","SAU","NY.GDP.MKTP.CD","2018","886564800000.0000"
"1919","SAU","NY.GDP.MKTP.CD","2017","741266133333.3330"
"1920","SAU","NY.GDP.MKTP.CD","2016","689279466666.6670"
"1921","SAU","NY.GDP.MKTP.CD","2015","693414400000.0000"
"1922","SAU","NY.GDP.MKTP.CD","2014","787153066666.6670"
"1923","SEN","NY.GDP.MKTP.CD","2025","37006536238.3731"
"1924","SEN","NY.GDP.MKTP.CD","2024","32169996051.8502"
"1925","SEN","NY.GDP.MKTP.CD","2023","30696331295.7826"
"1926","SEN","NY.GDP.MKTP.CD","2022","27783332222.6759"
"1927","SEN","NY.GDP.MKTP.CD","2021","27520784129.7508"
"1928","SEN","NY.GDP.MKTP.CD","2020","24530513037.7518"
"1929","SEN","NY.GDP.MKTP.CD","2019","23403995992.1354"
"1930","SEN","NY.GDP.MKTP.CD","2018","23116701556.1381"
"1931","SEN","NY.GDP.MKTP.CD","2017","20965069572.7168"
"1932","SEN","NY.GDP.MKTP.CD","2016","19040312333.1864"
"1933","SEN","NY.GDP.MKTP.CD","2015","17774766696.1759"
"1934","SEN","NY.GDP.MKTP.CD","2014","19797253440.2679"
"1935","SRB","NY.GDP.MKTP.CD","2025","99953324472.9042"
"1936","SRB","NY.GDP.MKTP.CD","2024","90088366320.4062"
"1937","SRB","NY.GDP.MKTP.CD","2023","81343999280.0179"
"1938","SRB","NY.GDP.MKTP.CD","2022","66809895701.2152"
"1939","SRB","NY.GDP.MKTP.CD","2021","66159884072.5308"
"1940","SRB","NY.GDP.MKTP.CD","2020","55874017668.9980"
"1941","SRB","NY.GDP.MKTP.CD","2019","53864693664.5568"
"1942","SRB","NY.GDP.MKTP.CD","2018","52787520248.9242"
"1943","SRB","NY.GDP.MKTP.CD","2017","45972834713.8077"
"1944","SRB","NY.GDP.MKTP.CD","2016","42225495909.5633"
"1945","SRB","NY.GDP.MKTP.CD","2015","41297410634.9586"
"1946","SRB","NY.GDP.MKTP.CD","2014","49114321280.3466"
"1947","SYC","NY.GDP.MKTP.CD","2025","2387022853.4858"
"1948","SYC","NY.GDP.MKTP.CD","2024","2228608684.2991"
"1949","SYC","NY.GDP.MKTP.CD","2023","2171547935.3816"
"1950","SYC","NY.GDP.MKTP.CD","2022","1999888599.2547"
"1951","SYC","NY.GDP.MKTP.CD","2021","1487173794.8053"
"1952","SYC","NY.GDP.MKTP.CD","2020","1382551751.5691"
"1953","SYC","NY.GDP.MKTP.CD","2019","1868690096.7345"
"1954","SYC","NY.GDP.MKTP.CD","2018","1784313926.7681"
"1955","SYC","NY.GDP.MKTP.CD","2017","1675370641.0142"
"1956","SYC","NY.GDP.MKTP.CD","2016","1568513348.1446"
"1957","SYC","NY.GDP.MKTP.CD","2015","1432403352.1294"
"1958","SYC","NY.GDP.MKTP.CD","2014","1387577870.0816"
"1959","SLE","NY.GDP.MKTP.CD","2025","7464157904.4351"
"1960","SLE","NY.GDP.MKTP.CD","2024","6971127234.0724"
"1961","SLE","NY.GDP.MKTP.CD","2023","6415852766.0923"
"1962","SLE","NY.GDP.MKTP.CD","2022","7121125277.1816"
"1963","SLE","NY.GDP.MKTP.CD","2021","7166931483.2953"
"1964","SLE","NY.GDP.MKTP.CD","2020","6688307705.6422"
"1965","SLE","NY.GDP.MKTP.CD","2019","6523577590.3832"
"1966","SLE","NY.GDP.MKTP.CD","2018","6390514688.5282"
"1967","SLE","NY.GDP.MKTP.CD","2017","5749846528.4805"
"1968","SLE","NY.GDP.MKTP.CD","2016","6084297211.1022"
"1969","SLE","NY.GDP.MKTP.CD","2015","6788352974.7833"
"1970","SLE","NY.GDP.MKTP.CD","2014","7686138790.9087"
"1971","SGP","NY.GDP.MKTP.CD","2025","603869516998.7380"
"1972","SGP","NY.GDP.MKTP.CD","2024","572877260178.4270"
"1973","SGP","NY.GDP.MKTP.CD","2023","511181761243.7600"
"1974","SGP","NY.GDP.MKTP.CD","2022","514252535238.7490"
"1975","SGP","NY.GDP.MKTP.CD","2021","441110903524.6450"
"1976","SGP","NY.GDP.MKTP.CD","2020","351226533656.2920"
"1977","SGP","NY.GDP.MKTP.CD","2019","376827390962.0440"
"1978","SGP","NY.GDP.MKTP.CD","2018","377976367877.0380"
"1979","SGP","NY.GDP.MKTP.CD","2017","344795119213.5710"
"1980","SGP","NY.GDP.MKTP.CD","2016","320759207438.6230"
"1981","SGP","NY.GDP.MKTP.CD","2015","307998545269.3980"
"1982","SGP","NY.GDP.MKTP.CD","2014","314863580758.4550"
"1983","SXM","NY.GDP.MKTP.CD","2025","1887728480.4469"
"1984","SXM","NY.GDP.MKTP.CD","2024","1797836648.0447"
"1985","SXM","NY.GDP.MKTP.CD","2023","1686525977.6536"
"1986","SXM","NY.GDP.MKTP.CD","2022","1592564636.8715"
"1987","SXM","NY.GDP.MKTP.CD","2021","1353071061.4525"
"1988","SXM","NY.GDP.MKTP.CD","2020","1236428100.5587"
"1989","SXM","NY.GDP.MKTP.CD","2019","1407880446.9274"
"1990","SXM","NY.GDP.MKTP.CD","2018","1259200446.9274"
"1991","SXM","NY.GDP.MKTP.CD","2017","1353212122.9050"
"1992","SXM","NY.GDP.MKTP.CD","2016","1427017206.7039"
"1993","SXM","NY.GDP.MKTP.CD","2015","1417888715.0838"
"1994","SXM","NY.GDP.MKTP.CD","2014","1361811508.3799"
"1995","SVK","NY.GDP.MKTP.CD","2025","154530066506.8950"
"1996","SVK","NY.GDP.MKTP.CD","2024","140934076532.3750"
"1997","SVK","NY.GDP.MKTP.CD","2023","133578518423.5440"
"1998","SVK","NY.GDP.MKTP.CD","2022","115792972358.2090"
"1999","SVK","NY.GDP.MKTP.CD","2021","120511265913.3430"
"2000","SVK","NY.GDP.MKTP.CD","2020","107732602896.4410"
"2001","SVK","NY.GDP.MKTP.CD","2019","105843498304.0940"
"2002","SVK","NY.GDP.MKTP.CD","2018","106611673364.8370"
"2003","SVK","NY.GDP.MKTP.CD","2017","95978130734.9766"
"2004","SVK","NY.GDP.MKTP.CD","2016","90347173228.6356"
"2005","SVK","NY.GDP.MKTP.CD","2015","89178548717.3324"
"2006","SVK","NY.GDP.MKTP.CD","2014","101713075598.8620"
"2007","SVN","NY.GDP.MKTP.CD","2025","79648204979.3618"
"2008","SVN","NY.GDP.MKTP.CD","2024","72972015197.3859"
"2009","SVN","NY.GDP.MKTP.CD","2023","69255264238.3855"
"2010","SVN","NY.GDP.MKTP.CD","2022","59899117741.0022"
"2011","SVN","NY.GDP.MKTP.CD","2021","61540813361.8556"
"2012","SVN","NY.GDP.MKTP.CD","2020","53384760135.1581"
"2013","SVN","NY.GDP.MKTP.CD","2019","53909922735.5450"
"2014","SVN","NY.GDP.MKTP.CD","2018","53689067639.9176"
"2015","SVN","NY.GDP.MKTP.CD","2017","48153200134.6613"
"2016","SVN","NY.GDP.MKTP.CD","2016","44290685824.0682"
"2017","SVN","NY.GDP.MKTP.CD","2015","42709468274.8137"
"2018","SVN","NY.GDP.MKTP.CD","2014","49514466379.6057"
"2019","SLB","NY.GDP.MKTP.CD","2025","1749572442.9502"
"2020","SLB","NY.GDP.MKTP.CD","2024","1583964703.7506"
"2021","SLB","NY.GDP.MKTP.CD","2023","1506124566.4040"
"2022","SLB","NY.GDP.MKTP.CD","2022","1466670929.6233"
"2023","SLB","NY.GDP.MKTP.CD","2021","1558312103.8423"
"2024","SLB","NY.GDP.MKTP.CD","2020","1536143427.8296"
"2025","SLB","NY.GDP.MKTP.CD","2019","1619150563.9208"
"2026","SLB","NY.GDP.MKTP.CD","2018","1615473250.2526"
"2027","SLB","NY.GDP.MKTP.CD","2017","1469790526.3972"
"2028","SLB","NY.GDP.MKTP.CD","2016","1379486290.7143"
"2029","SLB","NY.GDP.MKTP.CD","2015","1307908813.5996"
"2030","SLB","NY.GDP.MKTP.CD","2014","1335576762.8497"
"2031","SOM","NY.GDP.MKTP.CD","2025","12995200000.2658"
"2032","SOM","NY.GDP.MKTP.CD","2024","11967000000.0000"
"2033","SOM","NY.GDP.MKTP.CD","2023","10958000000.0000"
"2034","SOM","NY.GDP.MKTP.CD","2022","10203000000.0000"
"2035","SOM","NY.GDP.MKTP.CD","2021","9483000000.0000"
"2036","SOM","NY.GDP.MKTP.CD","2020","8628000000.0000"
"2037","SOM","NY.GDP.MKTP.CD","2019","8656000000.0000"
"2038","SOM","NY.GDP.MKTP.CD","2018","7873000000.0000"
"2039","SOM","NY.GDP.MKTP.CD","2017","7621501710.0012"
"2040","SOM","NY.GDP.MKTP.CD","2016","6613743069.9991"
"2041","SOM","NY.GDP.MKTP.CD","2015","6152149099.9994"
"2042","SOM","NY.GDP.MKTP.CD","2014","5728399719.9996"
"2043","ZAF","NY.GDP.MKTP.CD","2025","427184325997.3070"
"2044","ZAF","NY.GDP.MKTP.CD","2024","401144998373.5850"
"2045","ZAF","NY.GDP.MKTP.CD","2023","381440724491.2320"
"2046","ZAF","NY.GDP.MKTP.CD","2022","407596043067.8850"
"2047","ZAF","NY.GDP.MKTP.CD","2021","419986284375.3680"
"2048","ZAF","NY.GDP.MKTP.CD","2020","337974655408.0550"
"2049","ZAF","NY.GDP.MKTP.CD","2019","389330032224.2690"
"2050","ZAF","NY.GDP.MKTP.CD","2018","405260723892.5170"
"2051","ZAF","NY.GDP.MKTP.CD","2017","381448814653.4560"
"2052","ZAF","NY.GDP.MKTP.CD","2016","323585509674.4810"
"2053","ZAF","NY.GDP.MKTP.CD","2015","346709790458.5630"
"2054","ZAF","NY.GDP.MKTP.CD","2014","381198869776.1060"
"2055","SSD","NY.GDP.MKTP.CD","2015","11997800760.2242"
"2056","SSD","NY.GDP.MKTP.CD","2014","13962212847.4576"
"2057","ESP","NY.GDP.MKTP.CD","2025","1906453309985.8800"
"2058","ESP","NY.GDP.MKTP.CD","2024","1725671652742.1900"
"2059","ESP","NY.GDP.MKTP.CD","2023","1619481980719.6400"
"2060","ESP","NY.GDP.MKTP.CD","2022","1448850658406.6200"
"2061","ESP","NY.GDP.MKTP.CD","2021","1461244901852.6900"
"2062","ESP","NY.GDP.MKTP.CD","2020","1289783836971.2100"
"2063","ESP","NY.GDP.MKTP.CD","2019","1403496387686.2700"
"2064","ESP","NY.GDP.MKTP.CD","2018","1431642809327.0600"
"2065","ESP","NY.GDP.MKTP.CD","2017","1321754088818.8300"
"2066","ESP","NY.GDP.MKTP.CD","2016","1243015667917.1200"
"2067","ESP","NY.GDP.MKTP.CD","2015","1206164777553.1200"
"2068","ESP","NY.GDP.MKTP.CD","2014","1380244561361.9600"
"2069","LKA","NY.GDP.MKTP.CD","2025","108825231671.1960"
"2070","LKA","NY.GDP.MKTP.CD","2024","99616111265.7633"
"2071","LKA","NY.GDP.MKTP.CD","2023","84080307355.5983"
"2072","LKA","NY.GDP.MKTP.CD","2022","74143020303.6630"
"2073","LKA","NY.GDP.MKTP.CD","2021","88556699052.2008"
"2074","LKA","NY.GDP.MKTP.CD","2020","84335574372.2997"
"2075","LKA","NY.GDP.MKTP.CD","2019","88998706177.9986"
"2076","LKA","NY.GDP.MKTP.CD","2018","94450015982.8060"
"2077","LKA","NY.GDP.MKTP.CD","2017","94369350439.4732"
"2078","LKA","NY.GDP.MKTP.CD","2016","88000210878.1236"
"2079","LKA","NY.GDP.MKTP.CD","2015","85090300895.6546"
"2080","LKA","NY.GDP.MKTP.CD","2014","82531125461.8430"
"2081","KNA","NY.GDP.MKTP.CD","2025","1183514814.8148"
"2082","KNA","NY.GDP.MKTP.CD","2024","1122388888.8889"
"2083","KNA","NY.GDP.MKTP.CD","2023","1055651851.8519"
"2084","KNA","NY.GDP.MKTP.CD","2022","981429629.6296"
"2085","KNA","NY.GDP.MKTP.CD","2021","858622222.2222"
"2086","KNA","NY.GDP.MKTP.CD","2020","883922222.2222"
"2087","KNA","NY.GDP.MKTP.CD","2019","1107855555.5556"
"2088","KNA","NY.GDP.MKTP.CD","2018","1076548148.1482"
"2089","KNA","NY.GDP.MKTP.CD","2017","1056977777.7778"
"2090","KNA","NY.GDP.MKTP.CD","2016","1006818518.5185"
"2091","KNA","NY.GDP.MKTP.CD","2015","957222222.2222"
"2092","KNA","NY.GDP.MKTP.CD","2014","952111111.1111"
"2093","LCA","NY.GDP.MKTP.CD","2025","2656444444.4444"
"2094","LCA","NY.GDP.MKTP.CD","2024","2605148148.1482"
"2095","LCA","NY.GDP.MKTP.CD","2023","2441259259.2593"
"2096","LCA","NY.GDP.MKTP.CD","2022","2319888888.8889"
"2097","LCA","NY.GDP.MKTP.CD","2021","1871111111.1111"
"2098","LCA","NY.GDP.MKTP.CD","2020","1521740740.7407"
"2099","LCA","NY.GDP.MKTP.CD","2019","2090074074.0741"
"2100","LCA","NY.GDP.MKTP.CD","2018","2060955555.5556"
"2101","LCA","NY.GDP.MKTP.CD","2017","1998503703.7037"
"2102","LCA","NY.GDP.MKTP.CD","2016","1868544444.4444"
"2103","LCA","NY.GDP.MKTP.CD","2015","1807640740.7407"
"2104","LCA","NY.GDP.MKTP.CD","2014","1749185185.1852"
"2105","MAF","NY.GDP.MKTP.CD","2021","649206262.8475"
"2106","MAF","NY.GDP.MKTP.CD","2019","652206037.1039"
"2107","MAF","NY.GDP.MKTP.CD","2014","772921958.5295"
"2108","VCT","NY.GDP.MKTP.CD","2025","1255222222.2222"
"2109","VCT","NY.GDP.MKTP.CD","2024","1157207407.4074"
"2110","VCT","NY.GDP.MKTP.CD","2023","1072237037.0370"
"2111","VCT","NY.GDP.MKTP.CD","2022","989188888.8889"
"2112","VCT","NY.GDP.MKTP.CD","2021","888677777.7778"
"2113","VCT","NY.GDP.MKTP.CD","2020","864566666.6667"
"2114","VCT","NY.GDP.MKTP.CD","2019","910481481.4815"
"2115","VCT","NY.GDP.MKTP.CD","2018","884329629.6296"
"2116","VCT","NY.GDP.MKTP.CD","2017","844040740.7407"
"2117","VCT","NY.GDP.MKTP.CD","2016","814303703.7037"
"2118","VCT","NY.GDP.MKTP.CD","2015","786555555.5556"
"2119","VCT","NY.GDP.MKTP.CD","2014","770900000.0000"
"2120","SDN","NY.GDP.MKTP.CD","2025","60162634574.4689"
"2121","SDN","NY.GDP.MKTP.CD","2024","49672435513.1126"
"2122","SDN","NY.GDP.MKTP.CD","2023","39898289820.7951"
"2123","SDN","NY.GDP.MKTP.CD","2022","51666875363.0963"
"2124","SDN","NY.GDP.MKTP.CD","2021","34229513774.9936"
"2125","SDN","NY.GDP.MKTP.CD","2020","27034593750.0000"
"2126","SDN","NY.GDP.MKTP.CD","2019","32338079165.2893"
"2127","SDN","NY.GDP.MKTP.CD","2018","32333780383.2924"
"2128","SDN","NY.GDP.MKTP.CD","2017","41283617976.1905"
"2129","SDN","NY.GDP.MKTP.CD","2016","42630376000.0000"
"2130","SDN","NY.GDP.MKTP.CD","2015","51726758676.7677"
"2131","SDN","NY.GDP.MKTP.CD","2014","49516748617.9775"
"2132","SUR","NY.GDP.MKTP.CD","2025","4523657796.8642"
"2133","SUR","NY.GDP.MKTP.CD","2024","4416775112.7227"
"2134","SUR","NY.GDP.MKTP.CD","2023","3472693412.0850"
"2135","SUR","NY.GDP.MKTP.CD","2022","3791603200.0259"
"2136","SUR","NY.GDP.MKTP.CD","2021","3107923197.9695"
"2137","SUR","NY.GDP.MKTP.CD","2020","2911807496.2023"
"2138","SUR","NY.GDP.MKTP.CD","2019","4016040575.0880"
"2139","SUR","NY.GDP.MKTP.CD","2018","3996198866.5745"
"2140","SUR","NY.GDP.MKTP.CD","2017","3591679430.9999"
"2141","SUR","NY.GDP.MKTP.CD","2016","3317421648.0992"
"2142","SUR","NY.GDP.MKTP.CD","2015","5126237646.2207"
"2143","SUR","NY.GDP.MKTP.CD","2014","5240606060.6061"
"2144","SWE","NY.GDP.MKTP.CD","2025","668998664082.0810"
"2145","SWE","NY.GDP.MKTP.CD","2024","604827393488.5820"
"2146","SWE","NY.GDP.MKTP.CD","2023","578990915246.0700"
"2147","SWE","NY.GDP.MKTP.CD","2022","575071237640.9210"
"2148","SWE","NY.GDP.MKTP.CD","2021","631693331300.7760"
"2149","SWE","NY.GDP.MKTP.CD","2020","544265668451.6780"
"2150","SWE","NY.GDP.MKTP.CD","2019","530894124494.4180"
"2151","SWE","NY.GDP.MKTP.CD","2018","549649344043.1820"
"2152","SWE","NY.GDP.MKTP.CD","2017","535172356784.7690"
"2153","SWE","NY.GDP.MKTP.CD","2016","513058312950.9390"
"2154","SWE","NY.GDP.MKTP.CD","2015","501602351911.6000"
"2155","SWE","NY.GDP.MKTP.CD","2014","577727767303.5960"
"2156","CHE","NY.GDP.MKTP.CD","2025","1043529899250.9200"
"2157","CHE","NY.GDP.MKTP.CD","2024","969919786394.8840"
"2158","CHE","NY.GDP.MKTP.CD","2023","928435275851.7070"
"2159","CHE","NY.GDP.MKTP.CD","2022","858479038993.7500"
"2160","CHE","NY.GDP.MKTP.CD","2021","840710023481.3500"
"2161","CHE","NY.GDP.MKTP.CD","2020","756096180222.0820"
"2162","CHE","NY.GDP.MKTP.CD","2019","736384764156.8770"
"2163","CHE","NY.GDP.MKTP.CD","2018","740766531453.9910"
"2164","CHE","NY.GDP.MKTP.CD","2017","706660443624.4850"
"2165","CHE","NY.GDP.MKTP.CD","2016","698607778794.5660"
"2166","CHE","NY.GDP.MKTP.CD","2015","706199008878.6560"
"2167","CHE","NY.GDP.MKTP.CD","2014","741168119616.6280"
"2168","SYR","NY.GDP.MKTP.CD","2022","23737634644.3994"
"2169","SYR","NY.GDP.MKTP.CD","2021","14892885528.1402"
"2170","SYR","NY.GDP.MKTP.CD","2020","12501503673.2425"
"2171","SYR","NY.GDP.MKTP.CD","2019","22583046644.6891"
"2172","SYR","NY.GDP.MKTP.CD","2018","21497779247.9835"
"2173","SYR","NY.GDP.MKTP.CD","2017","16369842725.4718"
"2174","SYR","NY.GDP.MKTP.CD","2016","12597854088.3602"
"2175","SYR","NY.GDP.MKTP.CD","2015","16466861435.0236"
"2176","SYR","NY.GDP.MKTP.CD","2014","21502061466.0670"
"2177","TJK","NY.GDP.MKTP.CD","2025","17660626562.4832"
"2178","TJK","NY.GDP.MKTP.CD","2024","14425113699.7925"
"2179","TJK","NY.GDP.MKTP.CD","2023","12244169292.7998"
"2180","TJK","NY.GDP.MKTP.CD","2022","10713525200.3998"
"2181","TJK","NY.GDP.MKTP.CD","2021","8937805347.1396"
"2182","TJK","NY.GDP.MKTP.CD","2020","8133963550.6574"
"2183","TJK","NY.GDP.MKTP.CD","2019","8300813599.3084"
"2184","TJK","NY.GDP.MKTP.CD","2018","7764999999.4536"
"2185","TJK","NY.GDP.MKTP.CD","2017","7536402852.8580"
"2186","TJK","NY.GDP.MKTP.CD","2016","6992416096.8902"
"2187","TJK","NY.GDP.MKTP.CD","2015","8271431485.0748"
"2188","TJK","NY.GDP.MKTP.CD","2014","9112605459.3285"
"2189","TZA","NY.GDP.MKTP.CD","2025","90143496090.4411"
"2190","TZA","NY.GDP.MKTP.CD","2024","79235713444.9777"
"2191","TZA","NY.GDP.MKTP.CD","2023","79030935638.1317"
"2192","TZA","NY.GDP.MKTP.CD","2022","75749121846.9703"
"2193","TZA","NY.GDP.MKTP.CD","2021","70655628147.8986"
"2194","TZA","NY.GDP.MKTP.CD","2020","66068737786.0639"
"2195","TZA","NY.GDP.MKTP.CD","2019","61026731925.9213"
"2196","TZA","NY.GDP.MKTP.CD","2018","57003712892.0858"
"2197","TZA","NY.GDP.MKTP.CD","2017","53274884532.7886"
"2198","TZA","NY.GDP.MKTP.CD","2016","49774409374.4538"
"2199","TZA","NY.GDP.MKTP.CD","2015","47413919817.1240"
"2200","TZA","NY.GDP.MKTP.CD","2014","49986726460.6805"
"2201","THA","NY.GDP.MKTP.CD","2025","577009981112.0150"
"2202","THA","NY.GDP.MKTP.CD","2024","529385520941.5390"
"2203","THA","NY.GDP.MKTP.CD","2023","517013369475.1210"
"2204","THA","NY.GDP.MKTP.CD","2022","495691837308.0330"
"2205","THA","NY.GDP.MKTP.CD","2021","506049783824.9400"
"2206","THA","NY.GDP.MKTP.CD","2020","500274927778.5320"
"2207","THA","NY.GDP.MKTP.CD","2019","543976691793.8860"
"2208","THA","NY.GDP.MKTP.CD","2018","506754208404.4850"
"2209","THA","NY.GDP.MKTP.CD","2017","456356813536.7640"
"2210","THA","NY.GDP.MKTP.CD","2016","413366349747.5080"
"2211","THA","NY.GDP.MKTP.CD","2015","401296238228.0840"
"2212","THA","NY.GDP.MKTP.CD","2014","407339040197.6510"
"2213","TLS","NY.GDP.MKTP.CD","2025","1902180257.8274"
"2214","TLS","NY.GDP.MKTP.CD","2024","1865608515.4132"
"2215","TLS","NY.GDP.MKTP.CD","2023","2079767200.0000"
"2216","TLS","NY.GDP.MKTP.CD","2022","3208599900.0000"
"2217","TLS","NY.GDP.MKTP.CD","2021","3625024300.0000"
"2218","TLS","NY.GDP.MKTP.CD","2020","2162619200.0000"
"2219","TLS","NY.GDP.MKTP.CD","2019","2032550400.0000"
"2220","TLS","NY.GDP.MKTP.CD","2018","1555988600.0000"
"2221","TLS","NY.GDP.MKTP.CD","2017","1584878400.0000"
"2222","TLS","NY.GDP.MKTP.CD","2016","1640464600.0000"
"2223","TLS","NY.GDP.MKTP.CD","2015","1590282400.0000"
"2224","TLS","NY.GDP.MKTP.CD","2014","1447535200.0000"
"2225","TGO","NY.GDP.MKTP.CD","2025","11889949067.4697"
"2226","TGO","NY.GDP.MKTP.CD","2024","10643440332.2445"
"2227","TGO","NY.GDP.MKTP.CD","2023","9723300576.7268"
"2228","TGO","NY.GDP.MKTP.CD","2022","8646453099.4124"
"2229","TGO","NY.GDP.MKTP.CD","2021","8541668141.2620"
"2230","TGO","NY.GDP.MKTP.CD","2020","7486031561.8689"
"2231","TGO","NY.GDP.MKTP.CD","2019","6992942458.9942"
"2232","TGO","NY.GDP.MKTP.CD","2018","7029215766.4637"
"2233","TGO","NY.GDP.MKTP.CD","2017","6387424239.8801"
"2234","TGO","NY.GDP.MKTP.CD","2016","6071167584.1951"
"2235","TGO","NY.GDP.MKTP.CD","2015","5755457836.0187"
"2236","TGO","NY.GDP.MKTP.CD","2014","6393314707.8546"
"2237","TON","NY.GDP.MKTP.CD","2025","679218218.5780"
"2238","TON","NY.GDP.MKTP.CD","2024","647488243.8473"
"2239","TON","NY.GDP.MKTP.CD","2023","591139733.6238"
"2240","TON","NY.GDP.MKTP.CD","2022","556514556.3928"
"2241","TON","NY.GDP.MKTP.CD","2021","519306339.3498"
"2242","TON","NY.GDP.MKTP.CD","2020","506571486.5764"
"2243","TON","NY.GDP.MKTP.CD","2019","506031247.6066"
"2244","TON","NY.GDP.MKTP.CD","2018","493530766.9306"
"2245","TON","NY.GDP.MKTP.CD","2017","459976847.1081"
"2246","TON","NY.GDP.MKTP.CD","2016","420828254.5416"
"2247","TON","NY.GDP.MKTP.CD","2015","437525538.9030"
"2248","TON","NY.GDP.MKTP.CD","2014","440997734.9287"
"2249","TTO","NY.GDP.MKTP.CD","2025","25942749718.4685"
"2250","TTO","NY.GDP.MKTP.CD","2024","25633544529.4849"
"2251","TTO","NY.GDP.MKTP.CD","2023","25036993423.3664"
"2252","TTO","NY.GDP.MKTP.CD","2022","28341164301.1260"
"2253","TTO","NY.GDP.MKTP.CD","2021","24222963262.7213"
"2254","TTO","NY.GDP.MKTP.CD","2020","20888515184.2239"
"2255","TTO","NY.GDP.MKTP.CD","2019","23477745791.6977"
"2256","TTO","NY.GDP.MKTP.CD","2018","23883058083.2171"
"2257","TTO","NY.GDP.MKTP.CD","2017","23830750900.6899"
"2258","TTO","NY.GDP.MKTP.CD","2016","23624322192.6274"
"2259","TTO","NY.GDP.MKTP.CD","2015","26841141793.2143"
"2260","TTO","NY.GDP.MKTP.CD","2014","29474180005.1333"
"2261","TUN","NY.GDP.MKTP.CD","2025","57502836548.0878"
"2262","TUN","NY.GDP.MKTP.CD","2024","51412122479.8468"
"2263","TUN","NY.GDP.MKTP.CD","2023","48205328303.3398"
"2264","TUN","NY.GDP.MKTP.CD","2022","44929920092.7955"
"2265","TUN","NY.GDP.MKTP.CD","2021","47073234359.1819"
"2266","TUN","NY.GDP.MKTP.CD","2020","42491780918.3610"
"2267","TUN","NY.GDP.MKTP.CD","2019","41905642418.8250"
"2268","TUN","NY.GDP.MKTP.CD","2018","42686504459.8010"
"2269","TUN","NY.GDP.MKTP.CD","2017","42163530590.9462"
"2270","TUN","NY.GDP.MKTP.CD","2016","44360072680.4476"
"2271","TUN","NY.GDP.MKTP.CD","2015","45779494041.9295"
"2272","TUN","NY.GDP.MKTP.CD","2014","50271812920.6120"
"2273","TUR","NY.GDP.MKTP.CD","2025","1597293229287.0000"
"2274","TUR","NY.GDP.MKTP.CD","2024","1359123768774.1200"
"2275","TUR","NY.GDP.MKTP.CD","2023","1141242864657.4500"
"2276","TUR","NY.GDP.MKTP.CD","2022","926097476913.8180"
"2277","TUR","NY.GDP.MKTP.CD","2021","839938668172.1340"
"2278","TUR","NY.GDP.MKTP.CD","2020","733628247119.0770"
"2279","TUR","NY.GDP.MKTP.CD","2019","775853144222.6130"
"2280","TUR","NY.GDP.MKTP.CD","2018","788356985773.6670"
"2281","TUR","NY.GDP.MKTP.CD","2017","863874522365.2760"
"2282","TUR","NY.GDP.MKTP.CD","2016","870818016909.8400"
"2283","TUR","NY.GDP.MKTP.CD","2015","865460050683.6560"
"2284","TUR","NY.GDP.MKTP.CD","2014","942343431928.6540"
"2285","TKM","NY.GDP.MKTP.CD","2025","49828621355.6516"
"2286","TKM","NY.GDP.MKTP.CD","2024","44249447717.2312"
"2287","TKM","NY.GDP.MKTP.CD","2023","39020211239.6728"
"2288","TKM","NY.GDP.MKTP.CD","2022","37583913148.2791"
"2289","TKM","NY.GDP.MKTP.CD","2021","26334182093.7903"
"2290","TKM","NY.GDP.MKTP.CD","2020","27350527267.6636"
"2291","TKM","NY.GDP.MKTP.CD","2019","29700000000.0000"
"2292","TKM","NY.GDP.MKTP.CD","2018","26036313868.6131"
"2293","TKM","NY.GDP.MKTP.CD","2017","33352261306.5327"
"2294","TKM","NY.GDP.MKTP.CD","2016","33313947368.4211"
"2295","TKM","NY.GDP.MKTP.CD","2015","35799714285.7143"
"2296","TKM","NY.GDP.MKTP.CD","2014","43524210526.3158"
"2297","TCA","NY.GDP.MKTP.CD","2024","1745378000.0000"
"2298","TCA","NY.GDP.MKTP.CD","2023","1638653000.0000"
"2299","TCA","NY.GDP.MKTP.CD","2022","1434119000.0000"
"2300","TCA","NY.GDP.MKTP.CD","2021","1236459000.0000"
"2301","TCA","NY.GDP.MKTP.CD","2020","918387000.0000"
"2302","TCA","NY.GDP.MKTP.CD","2019","1371838000.0000"
"2303","TCA","NY.GDP.MKTP.CD","2018","1314329000.0000"
"2304","TCA","NY.GDP.MKTP.CD","2017","1197958000.0000"
"2305","TCA","NY.GDP.MKTP.CD","2016","1202078000.0000"
"2306","TCA","NY.GDP.MKTP.CD","2015","1078274000.0000"
"2307","TCA","NY.GDP.MKTP.CD","2014","956605000.0000"
"2308","TUV","NY.GDP.MKTP.CD","2025","57345434.7235"
"2309","TUV","NY.GDP.MKTP.CD","2024","56752265.8012"
"2310","TUV","NY.GDP.MKTP.CD","2023","50491930.9244"
"2311","TUV","NY.GDP.MKTP.CD","2022","54104146.3198"
"2312","TUV","NY.GDP.MKTP.CD","2021","61597447.1614"
"2313","TUV","NY.GDP.MKTP.CD","2020","52302514.9940"
"2314","TUV","NY.GDP.MKTP.CD","2019","53527720.0598"
"2315","TUV","NY.GDP.MKTP.CD","2018","48026990.1943"
"2316","TUV","NY.GDP.MKTP.CD","2017","45288858.1637"
"2317","TUV","NY.GDP.MKTP.CD","2016","41306141.6251"
"2318","TUV","NY.GDP.MKTP.CD","2015","36755290.7767"
"2319","TUV","NY.GDP.MKTP.CD","2014","38643167.2951"
"2320","UGA","NY.GDP.MKTP.CD","2025","61985829288.1496"
"2321","UGA","NY.GDP.MKTP.CD","2024","53911907079.0485"
"2322","UGA","NY.GDP.MKTP.CD","2023","48768955863.3175"
"2323","UGA","NY.GDP.MKTP.CD","2022","45565333210.9108"
"2324","UGA","NY.GDP.MKTP.CD","2021","40529788748.6737"
"2325","UGA","NY.GDP.MKTP.CD","2020","37600368241.6657"
"2326","UGA","NY.GDP.MKTP.CD","2019","35353061003.4359"
"2327","UGA","NY.GDP.MKTP.CD","2018","32927025619.6795"
"2328","UGA","NY.GDP.MKTP.CD","2017","30744473841.4240"
"2329","UGA","NY.GDP.MKTP.CD","2016","29203988696.2626"
"2330","UGA","NY.GDP.MKTP.CD","2015","32387183730.1002"
"2331","UGA","NY.GDP.MKTP.CD","2014","32612397257.4458"
"2332","UKR","NY.GDP.MKTP.CD","2025","214233312784.3970"
"2333","UKR","NY.GDP.MKTP.CD","2024","190833835445.1000"
"2334","UKR","NY.GDP.MKTP.CD","2023","181221517868.7440"
"2335","UKR","NY.GDP.MKTP.CD","2022","161989520721.1900"
"2336","UKR","NY.GDP.MKTP.CD","2021","199765859570.9350"
"2337","UKR","NY.GDP.MKTP.CD","2020","156617722013.3420"
"2338","UKR","NY.GDP.MKTP.CD","2019","153883047509.5770"
"2339","UKR","NY.GDP.MKTP.CD","2018","130891088293.5500"
"2340","UKR","NY.GDP.MKTP.CD","2017","112090505081.7390"
"2341","UKR","NY.GDP.MKTP.CD","2016","93355869403.9223"
"2342","UKR","NY.GDP.MKTP.CD","2015","91030967789.0717"
"2343","UKR","NY.GDP.MKTP.CD","2014","133503871861.7230"
"2344","ARE","NY.GDP.MKTP.CD","2024","552324919095.8720"
"2345","ARE","NY.GDP.MKTP.CD","2023","522622268401.1250"
"2346","ARE","NY.GDP.MKTP.CD","2022","511403404642.1730"
"2347","ARE","NY.GDP.MKTP.CD","2021","422441282436.2370"
"2348","ARE","NY.GDP.MKTP.CD","2020","357161776271.3280"
"2349","ARE","NY.GDP.MKTP.CD","2019","433926218686.1080"
"2350","ARE","NY.GDP.MKTP.CD","2018","440560003161.2360"
"2351","ARE","NY.GDP.MKTP.CD","2017","403365056078.8460"
"2352","ARE","NY.GDP.MKTP.CD","2016","381717208620.9640"
"2353","ARE","NY.GDP.MKTP.CD","2015","381973135513.0650"
"2354","ARE","NY.GDP.MKTP.CD","2014","424935834104.1930"
"2355","GBR","NY.GDP.MKTP.CD","2025","4002587541846.0100"
"2356","GBR","NY.GDP.MKTP.CD","2024","3695539513534.1500"
"2357","GBR","NY.GDP.MKTP.CD","2023","3420796653789.0800"
"2358","GBR","NY.GDP.MKTP.CD","2022","3181244350465.4100"
"2359","GBR","NY.GDP.MKTP.CD","2021","3194559188925.9300"
"2360","GBR","NY.GDP.MKTP.CD","2020","2724001478304.5900"
"2361","GBR","NY.GDP.MKTP.CD","2019","2875710080015.3000"
"2362","GBR","NY.GDP.MKTP.CD","2018","2897028009916.0500"
"2363","GBR","NY.GDP.MKTP.CD","2017","2699118387873.1000"
"2364","GBR","NY.GDP.MKTP.CD","2016","2706807606538.7300"
"2365","GBR","NY.GDP.MKTP.CD","2015","2945579890258.4600"
"2366","GBR","NY.GDP.MKTP.CD","2014","3085362169410.2900"
"2367","USA","NY.GDP.MKTP.CD","2025","30769700000000.0000"
"2368","USA","NY.GDP.MKTP.CD","2024","29298013000000.0000"
"2369","USA","NY.GDP.MKTP.CD","2023","27811517000000.0000"
"2370","USA","NY.GDP.MKTP.CD","2022","26054614000000.0000"
"2371","USA","NY.GDP.MKTP.CD","2021","23725645000000.0000"
"2372","USA","NY.GDP.MKTP.CD","2020","21375281000000.0000"
"2373","USA","NY.GDP.MKTP.CD","2019","21539982000000.0000"
"2374","USA","NY.GDP.MKTP.CD","2018","20656516000000.0000"
"2375","USA","NY.GDP.MKTP.CD","2017","19612102000000.0000"
"2376","USA","NY.GDP.MKTP.CD","2016","18804913000000.0000"
"2377","USA","NY.GDP.MKTP.CD","2015","18295019000000.0000"
"2378","USA","NY.GDP.MKTP.CD","2014","17608138000000.0000"
"2379","URY","NY.GDP.MKTP.CD","2025","85347696277.6859"
"2380","URY","NY.GDP.MKTP.CD","2024","82322859144.2816"
"2381","URY","NY.GDP.MKTP.CD","2023","79208725899.5531"
"2382","URY","NY.GDP.MKTP.CD","2022","71240669088.0587"
"2383","URY","NY.GDP.MKTP.CD","2021","60739061281.1628"
"2384","URY","NY.GDP.MKTP.CD","2020","53559354501.4278"
"2385","URY","NY.GDP.MKTP.CD","2019","62222324964.6330"
"2386","URY","NY.GDP.MKTP.CD","2018","65344577415.7535"
"2387","URY","NY.GDP.MKTP.CD","2017","65006039809.7390"
"2388","URY","NY.GDP.MKTP.CD","2016","57480787465.2716"
"2389","URY","NY.GDP.MKTP.CD","2015","57680327998.6689"
"2390","URY","NY.GDP.MKTP.CD","2014","61496186973.9020"
"2391","UZB","NY.GDP.MKTP.CD","2025","147038081129.4050"
"2392","UZB","NY.GDP.MKTP.CD","2024","121356065241.2280"
"2393","UZB","NY.GDP.MKTP.CD","2023","107526539716.3180"
"2394","UZB","NY.GDP.MKTP.CD","2022","94286355836.1594"
"2395","UZB","NY.GDP.MKTP.CD","2021","81170051810.5825"
"2396","UZB","NY.GDP.MKTP.CD","2020","70127127133.2164"
"2397","UZB","NY.GDP.MKTP.CD","2019","70170662562.6111"
"2398","UZB","NY.GDP.MKTP.CD","2018","61318332402.7908"
"2399","UZB","NY.GDP.MKTP.CD","2017","72276404057.6490"
"2400","UZB","NY.GDP.MKTP.CD","2016","97871364319.3985"
"2401","UZB","NY.GDP.MKTP.CD","2015","97564568986.8161"
"2402","UZB","NY.GDP.MKTP.CD","2014","91303765114.0144"
"2403","VUT","NY.GDP.MKTP.CD","2025","1353658840.6399"
"2404","VUT","NY.GDP.MKTP.CD","2024","1297956614.7778"
"2405","VUT","NY.GDP.MKTP.CD","2023","1188137265.1905"
"2406","VUT","NY.GDP.MKTP.CD","2022","1151863789.7662"
"2407","VUT","NY.GDP.MKTP.CD","2021","1093826088.9427"
"2408","VUT","NY.GDP.MKTP.CD","2020","1017403362.8012"
"2409","VUT","NY.GDP.MKTP.CD","2019","1061547512.6926"
"2410","VUT","NY.GDP.MKTP.CD","2018","1034402941.0430"
"2411","VUT","NY.GDP.MKTP.CD","2017","998536154.8821"
"2412","VUT","NY.GDP.MKTP.CD","2016","908725512.7910"
"2413","VUT","NY.GDP.MKTP.CD","2015","855360239.6099"
"2414","VUT","NY.GDP.MKTP.CD","2014","879185478.4981"
"2415","VEN","NY.GDP.MKTP.CD","2025","99661244155.6306"
"2416","VEN","NY.GDP.MKTP.CD","2024","120566112397.0630"
"2417","VEN","NY.GDP.MKTP.CD","2023","102377501185.9250"
"2418","VEN","NY.GDP.MKTP.CD","2022","89013251020.9831"
"2419","VEN","NY.GDP.MKTP.CD","2021","56615026262.6535"
"2420","VEN","NY.GDP.MKTP.CD","2020","42837965906.8675"
"2421","VEN","NY.GDP.MKTP.CD","2019","73014157107.5940"
"2422","VEN","NY.GDP.MKTP.CD","2018","101987075928.9180"
"2423","VEN","NY.GDP.MKTP.CD","2017","115892475742.7890"
"2424","VEN","NY.GDP.MKTP.CD","2016","112948035494.9590"
"2425","VEN","NY.GDP.MKTP.CD","2015","125249941853.5340"
"2426","VEN","NY.GDP.MKTP.CD","2014","214838755021.9640"
"2427","VNM","NY.GDP.MKTP.CD","2025","514697215165.0650"
"2428","VNM","NY.GDP.MKTP.CD","2024","476324572783.8070"
"2429","VNM","NY.GDP.MKTP.CD","2023","433805036898.4650"
"2430","VNM","NY.GDP.MKTP.CD","2022","413445230668.5780"
"2431","VNM","NY.GDP.MKTP.CD","2021","366474752771.0090"
"2432","VNM","NY.GDP.MKTP.CD","2020","346615738537.7960"
"2433","VNM","NY.GDP.MKTP.CD","2019","334365270496.6670"
"2434","VNM","NY.GDP.MKTP.CD","2018","310106478394.6590"
"2435","VNM","NY.GDP.MKTP.CD","2017","281353605986.9030"
"2436","VNM","NY.GDP.MKTP.CD","2016","257096001177.9820"
"2437","VNM","NY.GDP.MKTP.CD","2015","239258328381.7410"
"2438","VNM","NY.GDP.MKTP.CD","2014","233451469642.5190"
"2439","VIR","NY.GDP.MKTP.CD","2022","4672000000.0000"
"2440","VIR","NY.GDP.MKTP.CD","2021","4507000000.0000"
"2441","VIR","NY.GDP.MKTP.CD","2020","4229000000.0000"
"2442","VIR","NY.GDP.MKTP.CD","2019","4121000000.0000"
"2443","VIR","NY.GDP.MKTP.CD","2018","3923000000.0000"
"2444","VIR","NY.GDP.MKTP.CD","2017","3794000000.0000"
"2445","VIR","NY.GDP.MKTP.CD","2016","3798000000.0000"
"2446","VIR","NY.GDP.MKTP.CD","2015","3663000000.0000"
"2447","VIR","NY.GDP.MKTP.CD","2014","3565000000.0000"
"2448","PSE","NY.GDP.MKTP.CD","2025","17167100000.0000"
"2449","PSE","NY.GDP.MKTP.CD","2024","16016900000.0000"
"2450","PSE","NY.GDP.MKTP.CD","2023","18635100000.0000"
"2451","PSE","NY.GDP.MKTP.CD","2022","19165500000.0000"
"2452","PSE","NY.GDP.MKTP.CD","2021","18109000000.0000"
"2453","PSE","NY.GDP.MKTP.CD","2020","15531700000.0000"
"2454","PSE","NY.GDP.MKTP.CD","2019","17133500000.0000"
"2455","PSE","NY.GDP.MKTP.CD","2018","16276600000.0000"
"2456","PSE","NY.GDP.MKTP.CD","2017","16128000000.0000"
"2457","PSE","NY.GDP.MKTP.CD","2016","15405400000.0000"
"2458","PSE","NY.GDP.MKTP.CD","2015","13972400000.0000"
"2459","PSE","NY.GDP.MKTP.CD","2014","13989700000.0000"
"2460","YEM","NY.GDP.MKTP.CD","2018","21606160663.0318"
"2461","YEM","NY.GDP.MKTP.CD","2017","26842229044.5848"
"2462","YEM","NY.GDP.MKTP.CD","2016","31317825274.1507"
"2463","YEM","NY.GDP.MKTP.CD","2015","42444490073.8555"
"2464","YEM","NY.GDP.MKTP.CD","2014","43228585321.3272"
"2465","ZMB","NY.GDP.MKTP.CD","2025","28879806220.1264"
"2466","ZMB","NY.GDP.MKTP.CD","2024","25303185342.2511"
"2467","ZMB","NY.GDP.MKTP.CD","2023","27577956471.2440"
"2468","ZMB","NY.GDP.MKTP.CD","2022","29163782140.4858"
"2469","ZMB","NY.GDP.MKTP.CD","2021","22096416932.0089"
"2470","ZMB","NY.GDP.MKTP.CD","2020","18137764930.6510"
"2471","ZMB","NY.GDP.MKTP.CD","2019","23308667781.2258"
"2472","ZMB","NY.GDP.MKTP.CD","2018","26311507273.6735"
"2473","ZMB","NY.GDP.MKTP.CD","2017","25873601260.8353"
"2474","ZMB","NY.GDP.MKTP.CD","2016","20958412538.3093"
"2475","ZMB","NY.GDP.MKTP.CD","2015","21251216798.7762"
"2476","ZMB","NY.GDP.MKTP.CD","2014","27141023558.0829"
"2477","ZWE","NY.GDP.MKTP.CD","2025","51215643905.5886"
"2478","ZWE","NY.GDP.MKTP.CD","2024","41521975830.2351"
"2479","ZWE","NY.GDP.MKTP.CD","2023","35871781303.4290"
"2480","ZWE","NY.GDP.MKTP.CD","2022","40757585308.5016"
"2481","ZWE","NY.GDP.MKTP.CD","2021","41287852523.5016"
"2482","ZWE","NY.GDP.MKTP.CD","2020","31979753644.6558"
"2483","ZWE","NY.GDP.MKTP.CD","2019","33360632553.3556"
"2484","ZWE","NY.GDP.MKTP.CD","2018","34141666666.6667"
"2485","ZWE","NY.GDP.MKTP.CD","2017","51035657370.5179"
"2486","ZWE","NY.GDP.MKTP.CD","2016","20559250000.0000"
"2487","ZWE","NY.GDP.MKTP.CD","2015","19973250000.0000"
"2488","ZWE","NY.GDP.MKTP.CD","2014","19505500000.0000"
"2489","AFG","SP.POP.TOTL","2025","43844111.0000"
"2490","AFG","SP.POP.TOTL","2024","42647492.0000"
"2491","AFG","SP.POP.TOTL","2023","41454761.0000"
"2492","AFG","SP.POP.TOTL","2022","40578842.0000"
"2493","AFG","SP.POP.TOTL","2021","40000412.0000"
"2494","AFG","SP.POP.TOTL","2020","39068979.0000"
"2495","AFG","SP.POP.TOTL","2019","37856121.0000"
"2496","AFG","SP.POP.TOTL","2018","36743039.0000"
"2497","AFG","SP.POP.TOTL","2017","35688935.0000"
"2498","AFG","SP.POP.TOTL","2016","34700612.0000"
"2499","AFG","SP.POP.TOTL","2015","33831764.0000"
"2500","AFG","SP.POP.TOTL","2014","32792523.0000"
"2501","ALB","SP.POP.TOTL","2025","2349580.0000"
"2502","ALB","SP.POP.TOTL","2024","2377128.0000"
"2503","ALB","SP.POP.TOTL","2023","2411658.0000"
"2504","ALB","SP.POP.TOTL","2022","2451636.0000"
"2505","ALB","SP.POP.TOTL","2021","2489762.0000"
"2506","ALB","SP.POP.TOTL","2020","2528480.0000"
"2507","ALB","SP.POP.TOTL","2019","2567801.0000"
"2508","ALB","SP.POP.TOTL","2018","2607733.0000"
"2509","ALB","SP.POP.TOTL","2017","2648285.0000"
"2510","ALB","SP.POP.TOTL","2016","2689469.0000"
"2511","ALB","SP.POP.TOTL","2015","2731293.0000"
"2512","ALB","SP.POP.TOTL","2014","2773767.0000"
"2513","DZA","SP.POP.TOTL","2025","47435312.0000"
"2514","DZA","SP.POP.TOTL","2024","46814308.0000"
"2515","DZA","SP.POP.TOTL","2023","46164219.0000"
"2516","DZA","SP.POP.TOTL","2022","45477389.0000"
"2517","DZA","SP.POP.TOTL","2021","44761099.0000"
"2518","DZA","SP.POP.TOTL","2020","44042091.0000"
"2519","DZA","SP.POP.TOTL","2019","43294546.0000"
"2520","DZA","SP.POP.TOTL","2018","42505035.0000"
"2521","DZA","SP.POP.TOTL","2017","41689299.0000"
"2522","DZA","SP.POP.TOTL","2016","40850721.0000"
"2523","DZA","SP.POP.TOTL","2015","40019529.0000"
"2524","DZA","SP.POP.TOTL","2014","39205031.0000"
"2525","ASM","SP.POP.TOTL","2025","46029.0000"
"2526","ASM","SP.POP.TOTL","2024","46765.0000"
"2527","ASM","SP.POP.TOTL","2023","47521.0000"
"2528","ASM","SP.POP.TOTL","2022","48342.0000"
"2529","ASM","SP.POP.TOTL","2021","49225.0000"
"2530","ASM","SP.POP.TOTL","2020","49761.0000"
"2531","ASM","SP.POP.TOTL","2019","50209.0000"
"2532","ASM","SP.POP.TOTL","2018","50908.0000"
"2533","ASM","SP.POP.TOTL","2017","51586.0000"
"2534","ASM","SP.POP.TOTL","2016","52245.0000"
"2535","ASM","SP.POP.TOTL","2015","52878.0000"
"2536","ASM","SP.POP.TOTL","2014","53466.0000"
"2537","AND","SP.POP.TOTL","2025","82904.0000"
"2538","AND","SP.POP.TOTL","2024","81938.0000"
"2539","AND","SP.POP.TOTL","2023","80856.0000"
"2540","AND","SP.POP.TOTL","2022","79705.0000"
"2541","AND","SP.POP.TOTL","2021","78364.0000"
"2542","AND","SP.POP.TOTL","2020","77380.0000"
"2543","AND","SP.POP.TOTL","2019","76474.0000"
"2544","AND","SP.POP.TOTL","2018","75162.0000"
"2545","AND","SP.POP.TOTL","2017","73763.0000"
"2546","AND","SP.POP.TOTL","2016","72181.0000"
"2547","AND","SP.POP.TOTL","2015","72174.0000"
"2548","AND","SP.POP.TOTL","2014","73737.0000"
"2549","AGO","SP.POP.TOTL","2025","39040039.0000"
"2550","AGO","SP.POP.TOTL","2024","37885849.0000"
"2551","AGO","SP.POP.TOTL","2023","36749906.0000"
"2552","AGO","SP.POP.TOTL","2022","35635029.0000"
"2553","AGO","SP.POP.TOTL","2021","34532429.0000"
"2554","AGO","SP.POP.TOTL","2020","33451132.0000"
"2555","AGO","SP.POP.TOTL","2019","32375632.0000"
"2556","AGO","SP.POP.TOTL","2018","31297155.0000"
"2557","AGO","SP.POP.TOTL","2017","30234839.0000"
"2558","AGO","SP.POP.TOTL","2016","29183070.0000"
"2559","AGO","SP.POP.TOTL","2015","28157798.0000"
"2560","AGO","SP.POP.TOTL","2014","27160769.0000"
"2561","ATG","SP.POP.TOTL","2025","94209.0000"
"2562","ATG","SP.POP.TOTL","2024","93772.0000"
"2563","ATG","SP.POP.TOTL","2023","93316.0000"
"2564","ATG","SP.POP.TOTL","2022","92840.0000"
"2565","ATG","SP.POP.TOTL","2021","92349.0000"
"2566","ATG","SP.POP.TOTL","2020","91846.0000"
"2567","ATG","SP.POP.TOTL","2019","91364.0000"
"2568","ATG","SP.POP.TOTL","2018","90926.0000"
"2569","ATG","SP.POP.TOTL","2017","90468.0000"
"2570","ATG","SP.POP.TOTL","2016","89969.0000"
"2571","ATG","SP.POP.TOTL","2015","89409.0000"
"2572","ATG","SP.POP.TOTL","2014","88765.0000"
"2573","ARG","SP.POP.TOTL","2025","45851378.0000"
"2574","ARG","SP.POP.TOTL","2024","45696159.0000"
"2575","ARG","SP.POP.TOTL","2023","45538401.0000"
"2576","ARG","SP.POP.TOTL","2022","45407904.0000"
"2577","ARG","SP.POP.TOTL","2021","45312281.0000"
"2578","ARG","SP.POP.TOTL","2020","45191965.0000"
"2579","ARG","SP.POP.TOTL","2019","44973465.0000"
"2580","ARG","SP.POP.TOTL","2018","44654882.0000"
"2581","ARG","SP.POP.TOTL","2017","44288894.0000"
"2582","ARG","SP.POP.TOTL","2016","43900313.0000"
"2583","ARG","SP.POP.TOTL","2015","43477012.0000"
"2584","ARG","SP.POP.TOTL","2014","43024071.0000"
"2585","ARM","SP.POP.TOTL","2025","3086700.0000"
"2586","ARM","SP.POP.TOTL","2024","3033500.0000"
"2587","ARM","SP.POP.TOTL","2023","2964300.0000"
"2588","ARM","SP.POP.TOTL","2022","2969200.0000"
"2589","ARM","SP.POP.TOTL","2021","2962300.0000"
"2590","ARM","SP.POP.TOTL","2020","2961500.0000"
"2591","ARM","SP.POP.TOTL","2019","2962500.0000"
"2592","ARM","SP.POP.TOTL","2018","2969000.0000"
"2593","ARM","SP.POP.TOTL","2017","2979400.0000"
"2594","ARM","SP.POP.TOTL","2016","2992300.0000"
"2595","ARM","SP.POP.TOTL","2015","3004600.0000"
"2596","ARM","SP.POP.TOTL","2014","3013800.0000"
"2597","ABW","SP.POP.TOTL","2025","108785.0000"
"2598","ABW","SP.POP.TOTL","2024","107995.0000"
"2599","ABW","SP.POP.TOTL","2023","107359.0000"
"2600","ABW","SP.POP.TOTL","2022","107310.0000"
"2601","ABW","SP.POP.TOTL","2021","107700.0000"
"2602","ABW","SP.POP.TOTL","2020","108587.0000"
"2603","ABW","SP.POP.TOTL","2019","109203.0000"
"2604","ABW","SP.POP.TOTL","2018","108908.0000"
"2605","ABW","SP.POP.TOTL","2017","108735.0000"
"2606","ABW","SP.POP.TOTL","2016","108727.0000"
"2607","ABW","SP.POP.TOTL","2015","107906.0000"
"2608","ABW","SP.POP.TOTL","2014","106807.0000"
"2609","AUS","SP.POP.TOTL","2025","27614411.0000"
"2610","AUS","SP.POP.TOTL","2024","27194286.0000"
"2611","AUS","SP.POP.TOTL","2023","26659922.0000"
"2612","AUS","SP.POP.TOTL","2022","26018721.0000"
"2613","AUS","SP.POP.TOTL","2021","25685412.0000"
"2614","AUS","SP.POP.TOTL","2020","25649248.0000"
"2615","AUS","SP.POP.TOTL","2019","25334826.0000"
"2616","AUS","SP.POP.TOTL","2018","24963258.0000"
"2617","AUS","SP.POP.TOTL","2017","24592588.0000"
"2618","AUS","SP.POP.TOTL","2016","24190907.0000"
"2619","AUS","SP.POP.TOTL","2015","23815995.0000"
"2620","AUS","SP.POP.TOTL","2014","23475686.0000"
"2621","AUT","SP.POP.TOTL","2025","9208163.0000"
"2622","AUT","SP.POP.TOTL","2024","9177982.0000"
"2623","AUT","SP.POP.TOTL","2023","9131761.0000"
"2624","AUT","SP.POP.TOTL","2022","9041851.0000"
"2625","AUT","SP.POP.TOTL","2021","8955797.0000"
"2626","AUT","SP.POP.TOTL","2020","8916864.0000"
"2627","AUT","SP.POP.TOTL","2019","8879920.0000"
"2628","AUT","SP.POP.TOTL","2018","8840521.0000"
"2629","AUT","SP.POP.TOTL","2017","8797566.0000"
"2630","AUT","SP.POP.TOTL","2016","8736668.0000"
"2631","AUT","SP.POP.TOTL","2015","8642699.0000"
"2632","AUT","SP.POP.TOTL","2014","8546356.0000"
"2633","AZE","SP.POP.TOTL","2025","10246996.0000"
"2634","AZE","SP.POP.TOTL","2024","10202830.0000"
"2635","AZE","SP.POP.TOTL","2023","10153958.0000"
"2636","AZE","SP.POP.TOTL","2022","10141756.0000"
"2637","AZE","SP.POP.TOTL","2021","10137750.0000"
"2638","AZE","SP.POP.TOTL","2020","10093121.0000"
"2639","AZE","SP.POP.TOTL","2019","10024283.0000"
"2640","AZE","SP.POP.TOTL","2018","9939771.0000"
"2641","AZE","SP.POP.TOTL","2017","9854033.0000"
"2642","AZE","SP.POP.TOTL","2016","9757812.0000"
"2643","AZE","SP.POP.TOTL","2015","9649341.0000"
"2644","AZE","SP.POP.TOTL","2014","9535079.0000"
"2645","BHS","SP.POP.TOTL","2025","403033.0000"
"2646","BHS","SP.POP.TOTL","2024","401283.0000"
"2647","BHS","SP.POP.TOTL","2023","399440.0000"
"2648","BHS","SP.POP.TOTL","2022","397538.0000"
"2649","BHS","SP.POP.TOTL","2021","396373.0000"
"2650","BHS","SP.POP.TOTL","2020","395863.0000"
"2651","BHS","SP.POP.TOTL","2019","394675.0000"
"2652","BHS","SP.POP.TOTL","2018","392717.0000"
"2653","BHS","SP.POP.TOTL","2017","390485.0000"
"2654","BHS","SP.POP.TOTL","2016","388055.0000"
"2655","BHS","SP.POP.TOTL","2015","385346.0000"
"2656","BHS","SP.POP.TOTL","2014","382298.0000"
"2657","BHR","SP.POP.TOTL","2025","1600366.0000"
"2658","BHR","SP.POP.TOTL","2024","1588670.0000"
"2659","BHR","SP.POP.TOTL","2023","1577059.0000"
"2660","BHR","SP.POP.TOTL","2022","1524693.0000"
"2661","BHR","SP.POP.TOTL","2021","1504365.0000"
"2662","BHR","SP.POP.TOTL","2020","1472204.0000"
"2663","BHR","SP.POP.TOTL","2019","1483756.0000"
"2664","BHR","SP.POP.TOTL","2018","1503091.0000"
"2665","BHR","SP.POP.TOTL","2017","1501116.0000"
"2666","BHR","SP.POP.TOTL","2016","1423726.0000"
"2667","BHR","SP.POP.TOTL","2015","1370322.0000"
"2668","BHR","SP.POP.TOTL","2014","1314562.0000"
"2669","BGD","SP.POP.TOTL","2025","175686899.0000"
"2670","BGD","SP.POP.TOTL","2024","173562364.0000"
"2671","BGD","SP.POP.TOTL","2023","171466990.0000"
"2672","BGD","SP.POP.TOTL","2022","169384897.0000"
"2673","BGD","SP.POP.TOTL","2021","167658854.0000"
"2674","BGD","SP.POP.TOTL","2020","166298024.0000"
"2675","BGD","SP.POP.TOTL","2019","164913055.0000"
"2676","BGD","SP.POP.TOTL","2018","163523103.0000"
"2677","BGD","SP.POP.TOTL","2017","162186147.0000"
"2678","BGD","SP.POP.TOTL","2016","160811932.0000"
"2679","BGD","SP.POP.TOTL","2015","159383179.0000"
"2680","BGD","SP.POP.TOTL","2014","157964929.0000"
"2681","BRB","SP.POP.TOTL","2025","282623.0000"
"2682","BRB","SP.POP.TOTL","2024","282467.0000"
"2683","BRB","SP.POP.TOTL","2023","282336.0000"
"2684","BRB","SP.POP.TOTL","2022","282318.0000"
"2685","BRB","SP.POP.TOTL","2021","282147.0000"
"2686","BRB","SP.POP.TOTL","2020","281698.0000"
"2687","BRB","SP.POP.TOTL","2019","281207.0000"
"2688","BRB","SP.POP.TOTL","2018","280711.0000"
"2689","BRB","SP.POP.TOTL","2017","280171.0000"
"2690","BRB","SP.POP.TOTL","2016","279598.0000"
"2691","BRB","SP.POP.TOTL","2015","278990.0000"
"2692","BRB","SP.POP.TOTL","2014","278348.0000"
"2693","BLR","SP.POP.TOTL","2025","9085991.0000"
"2694","BLR","SP.POP.TOTL","2024","9132629.0000"
"2695","BLR","SP.POP.TOTL","2023","9178298.0000"
"2696","BLR","SP.POP.TOTL","2022","9228071.0000"
"2697","BLR","SP.POP.TOTL","2021","9302585.0000"
"2698","BLR","SP.POP.TOTL","2020","9379952.0000"
"2699","BLR","SP.POP.TOTL","2019","9419758.0000"
"2700","BLR","SP.POP.TOTL","2018","9438785.0000"
"2701","BLR","SP.POP.TOTL","2017","9458989.0000"
"2702","BLR","SP.POP.TOTL","2016","9469379.0000"
"2703","BLR","SP.POP.TOTL","2015","9461076.0000"
"2704","BLR","SP.POP.TOTL","2014","9448515.0000"
"2705","BEL","SP.POP.TOTL","2025","11941781.0000"
"2706","BEL","SP.POP.TOTL","2024","11858610.0000"
"2707","BEL","SP.POP.TOTL","2023","11779946.0000"
"2708","BEL","SP.POP.TOTL","2022","11680210.0000"
"2709","BEL","SP.POP.TOTL","2021","11586195.0000"
"2710","BEL","SP.POP.TOTL","2020","11538604.0000"
"2711","BEL","SP.POP.TOTL","2019","11488980.0000"
"2712","BEL","SP.POP.TOTL","2018","11427054.0000"
"2713","BEL","SP.POP.TOTL","2017","11375158.0000"
"2714","BEL","SP.POP.TOTL","2016","11331422.0000"
"2715","BEL","SP.POP.TOTL","2015","11274196.0000"
"2716","BEL","SP.POP.TOTL","2014","11209057.0000"
"2717","BLZ","SP.POP.TOTL","2025","422924.0000"
"2718","BLZ","SP.POP.TOTL","2024","417072.0000"
"2719","BLZ","SP.POP.TOTL","2023","411106.0000"
"2720","BLZ","SP.POP.TOTL","2022","402733.0000"
"2721","BLZ","SP.POP.TOTL","2021","395346.0000"
"2722","BLZ","SP.POP.TOTL","2020","390812.0000"
"2723","BLZ","SP.POP.TOTL","2019","385829.0000"
"2724","BLZ","SP.POP.TOTL","2018","380226.0000"
"2725","BLZ","SP.POP.TOTL","2017","373202.0000"
"2726","BLZ","SP.POP.TOTL","2016","364705.0000"
"2727","BLZ","SP.POP.TOTL","2015","356333.0000"
"2728","BLZ","SP.POP.TOTL","2014","348923.0000"
"2729","BEN","SP.POP.TOTL","2025","14814460.0000"
"2730","BEN","SP.POP.TOTL","2024","14462724.0000"
"2731","BEN","SP.POP.TOTL","2023","14111034.0000"
"2732","BEN","SP.POP.TOTL","2022","13759501.0000"
"2733","BEN","SP.POP.TOTL","2021","13413417.0000"
"2734","BEN","SP.POP.TOTL","2020","13070169.0000"
"2735","BEN","SP.POP.TOTL","2019","12726755.0000"
"2736","BEN","SP.POP.TOTL","2018","12383347.0000"
"2737","BEN","SP.POP.TOTL","2017","12039780.0000"
"2738","BEN","SP.POP.TOTL","2016","11697842.0000"
"2739","BEN","SP.POP.TOTL","2015","11360681.0000"
"2740","BEN","SP.POP.TOTL","2014","11030004.0000"
"2741","BMU","SP.POP.TOTL","2025","64555.0000"
"2742","BMU","SP.POP.TOTL","2024","64636.0000"
"2743","BMU","SP.POP.TOTL","2023","64698.0000"
"2744","BMU","SP.POP.TOTL","2022","64749.0000"
"2745","BMU","SP.POP.TOTL","2021","64648.0000"
"2746","BMU","SP.POP.TOTL","2020","64382.0000"
"2747","BMU","SP.POP.TOTL","2019","64107.0000"
"2748","BMU","SP.POP.TOTL","2018","63831.0000"
"2749","BMU","SP.POP.TOTL","2017","63578.0000"
"2750","BMU","SP.POP.TOTL","2016","63449.0000"
"2751","BMU","SP.POP.TOTL","2015","63464.0000"
"2752","BMU","SP.POP.TOTL","2014","63529.0000"
"2753","BTN","SP.POP.TOTL","2025","796682.0000"
"2754","BTN","SP.POP.TOTL","2024","791524.0000"
"2755","BTN","SP.POP.TOTL","2023","786385.0000"
"2756","BTN","SP.POP.TOTL","2022","780914.0000"
"2757","BTN","SP.POP.TOTL","2021","775442.0000"
"2758","BTN","SP.POP.TOTL","2020","770006.0000"
"2759","BTN","SP.POP.TOTL","2019","764824.0000"
"2760","BTN","SP.POP.TOTL","2018","759759.0000"
"2761","BTN","SP.POP.TOTL","2017","754335.0000"
"2762","BTN","SP.POP.TOTL","2016","747866.0000"
"2763","BTN","SP.POP.TOTL","2015","740618.0000"
"2764","BTN","SP.POP.TOTL","2014","733139.0000"
"2765","BOL","SP.POP.TOTL","2025","12581843.0000"
"2766","BOL","SP.POP.TOTL","2024","12413315.0000"
"2767","BOL","SP.POP.TOTL","2023","12244159.0000"
"2768","BOL","SP.POP.TOTL","2022","12077154.0000"
"2769","BOL","SP.POP.TOTL","2021","11937360.0000"
"2770","BOL","SP.POP.TOTL","2020","11816299.0000"
"2771","BOL","SP.POP.TOTL","2019","11671386.0000"
"2772","BOL","SP.POP.TOTL","2018","11508368.0000"
"2773","BOL","SP.POP.TOTL","2017","11344587.0000"
"2774","BOL","SP.POP.TOTL","2016","11180020.0000"
"2775","BOL","SP.POP.TOTL","2015","11014705.0000"
"2776","BOL","SP.POP.TOTL","2014","10848888.0000"
"2777","BIH","SP.POP.TOTL","2025","3140095.0000"
"2778","BIH","SP.POP.TOTL","2024","3164253.0000"
"2779","BIH","SP.POP.TOTL","2023","3185073.0000"
"2780","BIH","SP.POP.TOTL","2022","3204802.0000"
"2781","BIH","SP.POP.TOTL","2021","3244907.0000"
"2782","BIH","SP.POP.TOTL","2020","3299349.0000"
"2783","BIH","SP.POP.TOTL","2019","3345533.0000"
"2784","BIH","SP.POP.TOTL","2018","3387000.0000"
"2785","BIH","SP.POP.TOTL","2017","3428682.0000"
"2786","BIH","SP.POP.TOTL","2016","3473003.0000"
"2787","BIH","SP.POP.TOTL","2015","3518541.0000"
"2788","BIH","SP.POP.TOTL","2014","3564829.0000"
"2789","BWA","SP.POP.TOTL","2025","2562122.0000"
"2790","BWA","SP.POP.TOTL","2024","2521139.0000"
"2791","BWA","SP.POP.TOTL","2023","2480244.0000"
"2792","BWA","SP.POP.TOTL","2022","2439892.0000"
"2793","BWA","SP.POP.TOTL","2021","2401441.0000"
"2794","BWA","SP.POP.TOTL","2020","2365894.0000"
"2795","BWA","SP.POP.TOTL","2019","2332083.0000"
"2796","BWA","SP.POP.TOTL","2018","2299141.0000"
"2797","BWA","SP.POP.TOTL","2017","2266747.0000"
"2798","BWA","SP.POP.TOTL","2016","2234776.0000"
"2799","BWA","SP.POP.TOTL","2015","2203273.0000"
"2800","BWA","SP.POP.TOTL","2014","2172044.0000"
"2801","BRA","SP.POP.TOTL","2025","212812405.0000"
"2802","BRA","SP.POP.TOTL","2024","211998573.0000"
"2803","BRA","SP.POP.TOTL","2023","211140729.0000"
"2804","BRA","SP.POP.TOTL","2022","210306415.0000"
"2805","BRA","SP.POP.TOTL","2021","209550294.0000"
"2806","BRA","SP.POP.TOTL","2020","208660842.0000"
"2807","BRA","SP.POP.TOTL","2019","207455459.0000"
"2808","BRA","SP.POP.TOTL","2018","206107261.0000"
"2809","BRA","SP.POP.TOTL","2017","204703445.0000"
"2810","BRA","SP.POP.TOTL","2016","203218114.0000"
"2811","BRA","SP.POP.TOTL","2015","201675532.0000"
"2812","BRA","SP.POP.TOTL","2014","200085127.0000"
"2813","VGB","SP.POP.TOTL","2025","39732.0000"
"2814","VGB","SP.POP.TOTL","2024","39471.0000"
"2815","VGB","SP.POP.TOTL","2023","38985.0000"
"2816","VGB","SP.POP.TOTL","2022","38319.0000"
"2817","VGB","SP.POP.TOTL","2021","37809.0000"
"2818","VGB","SP.POP.TOTL","2020","37135.0000"
"2819","VGB","SP.POP.TOTL","2019","36395.0000"
"2820","VGB","SP.POP.TOTL","2018","34657.0000"
"2821","VGB","SP.POP.TOTL","2017","32699.0000"
"2822","VGB","SP.POP.TOTL","2016","33878.0000"
"2823","VGB","SP.POP.TOTL","2015","34498.0000"
"2824","VGB","SP.POP.TOTL","2014","32962.0000"
"2825","BRN","SP.POP.TOTL","2025","466330.0000"
"2826","BRN","SP.POP.TOTL","2024","462721.0000"
"2827","BRN","SP.POP.TOTL","2023","458949.0000"
"2828","BRN","SP.POP.TOTL","2022","455370.0000"
"2829","BRN","SP.POP.TOTL","2021","451721.0000"
"2830","BRN","SP.POP.TOTL","2020","447404.0000"
"2831","BRN","SP.POP.TOTL","2019","442680.0000"
"2832","BRN","SP.POP.TOTL","2018","437810.0000"
"2833","BRN","SP.POP.TOTL","2017","432772.0000"
"2834","BRN","SP.POP.TOTL","2016","427564.0000"
"2835","BRN","SP.POP.TOTL","2015","422212.0000"
"2836","BRN","SP.POP.TOTL","2014","416750.0000"
"2837","BGR","SP.POP.TOTL","2025","6433302.0000"
"2838","BGR","SP.POP.TOTL","2024","6441421.0000"
"2839","BGR","SP.POP.TOTL","2023","6446596.0000"
"2840","BGR","SP.POP.TOTL","2022","6465097.0000"
"2841","BGR","SP.POP.TOTL","2021","6507301.0000"
"2842","BGR","SP.POP.TOTL","2020","6550696.0000"
"2843","BGR","SP.POP.TOTL","2019","6616726.0000"
"2844","BGR","SP.POP.TOTL","2018","6710798.0000"
"2845","BGR","SP.POP.TOTL","2017","6803468.0000"
"2846","BGR","SP.POP.TOTL","2016","6894139.0000"
"2847","BGR","SP.POP.TOTL","2015","6984225.0000"
"2848","BGR","SP.POP.TOTL","2014","7073572.0000"
"2849","BFA","SP.POP.TOTL","2025","24074580.0000"
"2850","BFA","SP.POP.TOTL","2024","23548781.0000"
"2851","BFA","SP.POP.TOTL","2023","23025776.0000"
"2852","BFA","SP.POP.TOTL","2022","22509038.0000"
"2853","BFA","SP.POP.TOTL","2021","21995243.0000"
"2854","BFA","SP.POP.TOTL","2020","21478690.0000"
"2855","BFA","SP.POP.TOTL","2019","20961952.0000"
"2856","BFA","SP.POP.TOTL","2018","20438288.0000"
"2857","BFA","SP.POP.TOTL","2017","19894407.0000"
"2858","BFA","SP.POP.TOTL","2016","19334856.0000"
"2859","BFA","SP.POP.TOTL","2015","18777487.0000"
"2860","BFA","SP.POP.TOTL","2014","18229461.0000"
"2861","BDI","SP.POP.TOTL","2025","14390003.0000"
"2862","BDI","SP.POP.TOTL","2024","14047786.0000"
"2863","BDI","SP.POP.TOTL","2023","13689450.0000"
"2864","BDI","SP.POP.TOTL","2022","13321097.0000"
"2865","BDI","SP.POP.TOTL","2021","12965481.0000"
"2866","BDI","SP.POP.TOTL","2020","12617036.0000"
"2867","BDI","SP.POP.TOTL","2019","12255336.0000"
"2868","BDI","SP.POP.TOTL","2018","11859446.0000"
"2869","BDI","SP.POP.TOTL","2017","11506762.0000"
"2870","BDI","SP.POP.TOTL","2016","11239451.0000"
"2871","BDI","SP.POP.TOTL","2015","11047580.0000"
"2872","BDI","SP.POP.TOTL","2014","10799785.0000"
"2873","CPV","SP.POP.TOTL","2025","527326.0000"
"2874","CPV","SP.POP.TOTL","2024","524877.0000"
"2875","CPV","SP.POP.TOTL","2023","522331.0000"
"2876","CPV","SP.POP.TOTL","2022","519741.0000"
"2877","CPV","SP.POP.TOTL","2021","516649.0000"
"2878","CPV","SP.POP.TOTL","2020","514679.0000"
"2879","CPV","SP.POP.TOTL","2019","514104.0000"
"2880","CPV","SP.POP.TOTL","2018","513415.0000"
"2881","CPV","SP.POP.TOTL","2017","512893.0000"
"2882","CPV","SP.POP.TOTL","2016","512554.0000"
"2883","CPV","SP.POP.TOTL","2015","512394.0000"
"2884","CPV","SP.POP.TOTL","2014","512326.0000"
"2885","KHM","SP.POP.TOTL","2025","17847982.0000"
"2886","KHM","SP.POP.TOTL","2024","17638801.0000"
"2887","KHM","SP.POP.TOTL","2023","17423880.0000"
"2888","KHM","SP.POP.TOTL","2022","17201724.0000"
"2889","KHM","SP.POP.TOTL","2021","16974305.0000"
"2890","KHM","SP.POP.TOTL","2020","16725474.0000"
"2891","KHM","SP.POP.TOTL","2019","16481304.0000"
"2892","KHM","SP.POP.TOTL","2018","16274522.0000"
"2893","KHM","SP.POP.TOTL","2017","16073372.0000"
"2894","KHM","SP.POP.TOTL","2016","15852803.0000"
"2895","KHM","SP.POP.TOTL","2015","15623251.0000"
"2896","KHM","SP.POP.TOTL","2014","15396772.0000"
"2897","CMR","SP.POP.TOTL","2025","29879337.0000"
"2898","CMR","SP.POP.TOTL","2024","29123744.0000"
"2899","CMR","SP.POP.TOTL","2023","28372687.0000"
"2900","CMR","SP.POP.TOTL","2022","27632771.0000"
"2901","CMR","SP.POP.TOTL","2021","26915758.0000"
"2902","CMR","SP.POP.TOTL","2020","26210558.0000"
"2903","CMR","SP.POP.TOTL","2019","25506095.0000"
"2904","CMR","SP.POP.TOTL","2018","24806383.0000"
"2905","CMR","SP.POP.TOTL","2017","24128601.0000"
"2906","CMR","SP.POP.TOTL","2016","23454161.0000"
"2907","CMR","SP.POP.TOTL","2015","22763414.0000"
"2908","CMR","SP.POP.TOTL","2014","22059893.0000"
"2909","CAN","SP.POP.TOTL","2025","41651653.0000"
"2910","CAN","SP.POP.TOTL","2024","41262329.0000"
"2911","CAN","SP.POP.TOTL","2023","40049088.0000"
"2912","CAN","SP.POP.TOTL","2022","38950132.0000"
"2913","CAN","SP.POP.TOTL","2021","38239864.0000"
"2914","CAN","SP.POP.TOTL","2020","38028638.0000"
"2915","CAN","SP.POP.TOTL","2019","37618495.0000"
"2916","CAN","SP.POP.TOTL","2018","37072620.0000"
"2917","CAN","SP.POP.TOTL","2017","36545075.0000"
"2918","CAN","SP.POP.TOTL","2016","36110803.0000"
"2919","CAN","SP.POP.TOTL","2015","35704498.0000"
"2920","CAN","SP.POP.TOTL","2014","35434066.0000"
"2921","CYM","SP.POP.TOTL","2025","75844.0000"
"2922","CYM","SP.POP.TOTL","2024","74457.0000"
"2923","CYM","SP.POP.TOTL","2023","73038.0000"
"2924","CYM","SP.POP.TOTL","2022","71591.0000"
"2925","CYM","SP.POP.TOTL","2021","70108.0000"
"2926","CYM","SP.POP.TOTL","2020","68684.0000"
"2927","CYM","SP.POP.TOTL","2019","67327.0000"
"2928","CYM","SP.POP.TOTL","2018","65941.0000"
"2929","CYM","SP.POP.TOTL","2017","64535.0000"
"2930","CYM","SP.POP.TOTL","2016","63100.0000"
"2931","CYM","SP.POP.TOTL","2015","61642.0000"
"2932","CYM","SP.POP.TOTL","2014","60160.0000"
"2933","CAF","SP.POP.TOTL","2025","5513282.0000"
"2934","CAF","SP.POP.TOTL","2024","5330690.0000"
"2935","CAF","SP.POP.TOTL","2023","5152421.0000"
"2936","CAF","SP.POP.TOTL","2022","5098039.0000"
"2937","CAF","SP.POP.TOTL","2021","5112100.0000"
"2938","CAF","SP.POP.TOTL","2020","5026628.0000"
"2939","CAF","SP.POP.TOTL","2019","4944703.0000"
"2940","CAF","SP.POP.TOTL","2018","4878657.0000"
"2941","CAF","SP.POP.TOTL","2017","4793511.0000"
"2942","CAF","SP.POP.TOTL","2016","4713663.0000"
"2943","CAF","SP.POP.TOTL","2015","4629320.0000"
"2944","CAF","SP.POP.TOTL","2014","4623182.0000"
"2945","TCD","SP.POP.TOTL","2025","21003705.0000"
"2946","TCD","SP.POP.TOTL","2024","20299123.0000"
"2947","TCD","SP.POP.TOTL","2023","19319064.0000"
"2948","TCD","SP.POP.TOTL","2022","18455316.0000"
"2949","TCD","SP.POP.TOTL","2021","17828273.0000"
"2950","TCD","SP.POP.TOTL","2020","17224679.0000"
"2951","TCD","SP.POP.TOTL","2019","16685223.0000"
"2952","TCD","SP.POP.TOTL","2018","16156531.0000"
"2953","TCD","SP.POP.TOTL","2017","15622759.0000"
"2954","TCD","SP.POP.TOTL","2016","15114655.0000"
"2955","TCD","SP.POP.TOTL","2015","14647621.0000"
"2956","TCD","SP.POP.TOTL","2014","14188678.0000"
"2957","CHI","SP.POP.TOTL","2025","168466.0000"
"2958","CHI","SP.POP.TOTL","2024","168126.0000"
"2959","CHI","SP.POP.TOTL","2023","167691.0000"
"2960","CHI","SP.POP.TOTL","2022","167215.0000"
"2961","CHI","SP.POP.TOTL","2021","166741.0000"
"2962","CHI","SP.POP.TOTL","2020","166235.0000"
"2963","CHI","SP.POP.TOTL","2019","165639.0000"
"2964","CHI","SP.POP.TOTL","2018","164949.0000"
"2965","CHI","SP.POP.TOTL","2017","164319.0000"
"2966","CHI","SP.POP.TOTL","2016","163883.0000"
"2967","CHI","SP.POP.TOTL","2015","163454.0000"
"2968","CHI","SP.POP.TOTL","2014","162726.0000"
"2969","CHL","SP.POP.TOTL","2025","19859921.0000"
"2970","CHL","SP.POP.TOTL","2024","19764771.0000"
"2971","CHL","SP.POP.TOTL","2023","19658835.0000"
"2972","CHL","SP.POP.TOTL","2022","19553036.0000"
"2973","CHL","SP.POP.TOTL","2021","19456334.0000"
"2974","CHL","SP.POP.TOTL","2020","19370624.0000"
"2975","CHL","SP.POP.TOTL","2019","19197744.0000"
"2976","CHL","SP.POP.TOTL","2018","18893191.0000"
"2977","CHL","SP.POP.TOTL","2017","18558868.0000"
"2978","CHL","SP.POP.TOTL","2016","18267221.0000"
"2979","CHL","SP.POP.TOTL","2015","18047625.0000"
"2980","CHL","SP.POP.TOTL","2014","17864195.0000"
"2981","CHN","SP.POP.TOTL","2025","1406585000.0000"
"2982","CHN","SP.POP.TOTL","2024","1408975000.0000"
"2983","CHN","SP.POP.TOTL","2023","1410710000.0000"
"2984","CHN","SP.POP.TOTL","2022","1412175000.0000"
"2985","CHN","SP.POP.TOTL","2021","1412360000.0000"
"2986","CHN","SP.POP.TOTL","2020","1411100000.0000"
"2987","CHN","SP.POP.TOTL","2019","1407745000.0000"
"2988","CHN","SP.POP.TOTL","2018","1402760000.0000"
"2989","CHN","SP.POP.TOTL","2017","1396215000.0000"
"2990","CHN","SP.POP.TOTL","2016","1387790000.0000"
"2991","CHN","SP.POP.TOTL","2015","1379860000.0000"
"2992","CHN","SP.POP.TOTL","2014","1371860000.0000"
"2993","COL","SP.POP.TOTL","2025","53425635.0000"
"2994","COL","SP.POP.TOTL","2024","52886363.0000"
"2995","COL","SP.POP.TOTL","2023","52321152.0000"
"2996","COL","SP.POP.TOTL","2022","51737944.0000"
"2997","COL","SP.POP.TOTL","2021","51188173.0000"
"2998","COL","SP.POP.TOTL","2020","50629997.0000"
"2999","COL","SP.POP.TOTL","2019","49907985.0000"
"3000","COL","SP.POP.TOTL","2018","49024465.0000"
"3001","COL","SP.POP.TOTL","2017","48131078.0000"
"3002","COL","SP.POP.TOTL","2016","47437512.0000"
"3003","COL","SP.POP.TOTL","2015","46969940.0000"
"3004","COL","SP.POP.TOTL","2014","46565429.0000"
"3005","COM","SP.POP.TOTL","2025","882847.0000"
"3006","COM","SP.POP.TOTL","2024","866628.0000"
"3007","COM","SP.POP.TOTL","2023","850387.0000"
"3008","COM","SP.POP.TOTL","2022","834188.0000"
"3009","COM","SP.POP.TOTL","2021","818174.0000"
"3010","COM","SP.POP.TOTL","2020","802163.0000"
"3011","COM","SP.POP.TOTL","2019","786578.0000"
"3012","COM","SP.POP.TOTL","2018","771590.0000"
"3013","COM","SP.POP.TOTL","2017","756669.0000"
"3014","COM","SP.POP.TOTL","2016","741741.0000"
"3015","COM","SP.POP.TOTL","2015","726682.0000"
"3016","COM","SP.POP.TOTL","2014","711503.0000"
"3017","COD","SP.POP.TOTL","2025","112832473.0000"
"3018","COD","SP.POP.TOTL","2024","109276265.0000"
"3019","COD","SP.POP.TOTL","2023","105789731.0000"
"3020","COD","SP.POP.TOTL","2022","102396968.0000"
"3021","COD","SP.POP.TOTL","2021","99148932.0000"
"3022","COD","SP.POP.TOTL","2020","95989998.0000"
"3023","COD","SP.POP.TOTL","2019","92947442.0000"
"3024","COD","SP.POP.TOTL","2018","90047644.0000"
"3025","COD","SP.POP.TOTL","2017","87083398.0000"
"3026","COD","SP.POP.TOTL","2016","83956415.0000"
"3027","COD","SP.POP.TOTL","2015","81035531.0000"
"3028","COD","SP.POP.TOTL","2014","78403242.0000"
"3029","COG","SP.POP.TOTL","2025","6484437.0000"
"3030","COG","SP.POP.TOTL","2024","6332961.0000"
"3031","COG","SP.POP.TOTL","2023","6182885.0000"
"3032","COG","SP.POP.TOTL","2022","6035104.0000"
"3033","COG","SP.POP.TOTL","2021","5892183.0000"
"3034","COG","SP.POP.TOTL","2020","5752791.0000"
"3035","COG","SP.POP.TOTL","2019","5616661.0000"
"3036","COG","SP.POP.TOTL","2018","5483118.0000"
"3037","COG","SP.POP.TOTL","2017","5351011.0000"
"3038","COG","SP.POP.TOTL","2016","5222536.0000"
"3039","COG","SP.POP.TOTL","2015","5097581.0000"
"3040","COG","SP.POP.TOTL","2014","4975880.0000"
"3041","CRI","SP.POP.TOTL","2025","5152950.0000"
"3042","CRI","SP.POP.TOTL","2024","5129910.0000"
"3043","CRI","SP.POP.TOTL","2023","5105525.0000"
"3044","CRI","SP.POP.TOTL","2022","5081765.0000"
"3045","CRI","SP.POP.TOTL","2021","5059988.0000"
"3046","CRI","SP.POP.TOTL","2020","5034320.0000"
"3047","CRI","SP.POP.TOTL","2019","4999553.0000"
"3048","CRI","SP.POP.TOTL","2018","4957818.0000"
"3049","CRI","SP.POP.TOTL","2017","4913177.0000"
"3050","CRI","SP.POP.TOTL","2016","4866998.0000"
"3051","CRI","SP.POP.TOTL","2015","4818038.0000"
"3052","CRI","SP.POP.TOTL","2014","4767119.0000"
"3053","CIV","SP.POP.TOTL","2025","32711547.0000"
"3054","CIV","SP.POP.TOTL","2024","31934230.0000"
"3055","CIV","SP.POP.TOTL","2023","31165654.0000"
"3056","CIV","SP.POP.TOTL","2022","30395002.0000"
"3057","CIV","SP.POP.TOTL","2021","29639736.0000"
"3058","CIV","SP.POP.TOTL","2020","28915449.0000"
"3059","CIV","SP.POP.TOTL","2019","28193009.0000"
"3060","CIV","SP.POP.TOTL","2018","27464173.0000"
"3061","CIV","SP.POP.TOTL","2017","26733372.0000"
"3062","CIV","SP.POP.TOTL","2016","25989405.0000"
"3063","CIV","SP.POP.TOTL","2015","25246342.0000"
"3064","CIV","SP.POP.TOTL","2014","24527395.0000"
"3065","HRV","SP.POP.TOTL","2025","3876200.0000"
"3066","HRV","SP.POP.TOTL","2024","3866200.0000"
"3067","HRV","SP.POP.TOTL","2023","3859686.0000"
"3068","HRV","SP.POP.TOTL","2022","3855641.0000"
"3069","HRV","SP.POP.TOTL","2021","3878981.0000"
"3070","HRV","SP.POP.TOTL","2020","3914206.0000"
"3071","HRV","SP.POP.TOTL","2019","3949390.0000"
"3072","HRV","SP.POP.TOTL","2018","3988775.0000"
"3073","HRV","SP.POP.TOTL","2017","4041407.0000"
"3074","HRV","SP.POP.TOTL","2016","4106867.0000"
"3075","HRV","SP.POP.TOTL","2015","4151725.0000"
"3076","HRV","SP.POP.TOTL","2014","4201598.0000"
"3077","CUB","SP.POP.TOTL","2025","10937203.0000"
"3078","CUB","SP.POP.TOTL","2024","10979783.0000"
"3079","CUB","SP.POP.TOTL","2023","11019931.0000"
"3080","CUB","SP.POP.TOTL","2022","11059820.0000"
"3081","CUB","SP.POP.TOTL","2021","11122168.0000"
"3082","CUB","SP.POP.TOTL","2020","11176354.0000"
"3083","CUB","SP.POP.TOTL","2019","11202846.0000"
"3084","CUB","SP.POP.TOTL","2018","11227118.0000"
"3085","CUB","SP.POP.TOTL","2017","11247829.0000"
"3086","CUB","SP.POP.TOTL","2016","11265612.0000"
"3087","CUB","SP.POP.TOTL","2015","11275065.0000"
"3088","CUB","SP.POP.TOTL","2014","11285775.0000"
"3089","CUW","SP.POP.TOTL","2025","156263.0000"
"3090","CUW","SP.POP.TOTL","2024","155967.0000"
"3091","CUW","SP.POP.TOTL","2023","154654.0000"
"3092","CUW","SP.POP.TOTL","2022","153321.0000"
"3093","CUW","SP.POP.TOTL","2021","153948.0000"
"3094","CUW","SP.POP.TOTL","2020","155482.0000"
"3095","CUW","SP.POP.TOTL","2019","157441.0000"
"3096","CUW","SP.POP.TOTL","2018","159336.0000"
"3097","CUW","SP.POP.TOTL","2017","160175.0000"
"3098","CUW","SP.POP.TOTL","2016","159664.0000"
"3099","CUW","SP.POP.TOTL","2015","157980.0000"
"3100","CUW","SP.POP.TOTL","2014","155909.0000"
"3101","CYP","SP.POP.TOTL","2025","1370754.0000"
"3102","CYP","SP.POP.TOTL","2024","1358282.0000"
"3103","CYP","SP.POP.TOTL","2023","1344976.0000"
"3104","CYP","SP.POP.TOTL","2022","1331370.0000"
"3105","CYP","SP.POP.TOTL","2021","1317309.0000"
"3106","CYP","SP.POP.TOTL","2020","1302247.0000"
"3107","CYP","SP.POP.TOTL","2019","1286671.0000"
"3108","CYP","SP.POP.TOTL","2018","1270737.0000"
"3109","CYP","SP.POP.TOTL","2017","1254275.0000"
"3110","CYP","SP.POP.TOTL","2016","1237112.0000"
"3111","CYP","SP.POP.TOTL","2015","1219502.0000"
"3112","CYP","SP.POP.TOTL","2014","1201801.0000"
"3113","CZE","SP.POP.TOTL","2025","10886878.0000"
"3114","CZE","SP.POP.TOTL","2024","10905028.0000"
"3115","CZE","SP.POP.TOTL","2023","10864042.0000"
"3116","CZE","SP.POP.TOTL","2022","10672118.0000"
"3117","CZE","SP.POP.TOTL","2021","10505772.0000"
"3118","CZE","SP.POP.TOTL","2020","10697858.0000"
"3119","CZE","SP.POP.TOTL","2019","10671870.0000"
"3120","CZE","SP.POP.TOTL","2018","10629928.0000"
"3121","CZE","SP.POP.TOTL","2017","10594438.0000"
"3122","CZE","SP.POP.TOTL","2016","10566332.0000"
"3123","CZE","SP.POP.TOTL","2015","10546059.0000"
"3124","CZE","SP.POP.TOTL","2014","10525347.0000"
"3125","DNK","SP.POP.TOTL","2025","6009169.0000"
"3126","DNK","SP.POP.TOTL","2024","5976992.0000"
"3127","DNK","SP.POP.TOTL","2023","5946952.0000"
"3128","DNK","SP.POP.TOTL","2022","5903037.0000"
"3129","DNK","SP.POP.TOTL","2021","5856733.0000"
"3130","DNK","SP.POP.TOTL","2020","5831404.0000"
"3131","DNK","SP.POP.TOTL","2019","5814422.0000"
"3132","DNK","SP.POP.TOTL","2018","5793636.0000"
"3133","DNK","SP.POP.TOTL","2017","5764980.0000"
"3134","DNK","SP.POP.TOTL","2016","5728010.0000"
"3135","DNK","SP.POP.TOTL","2015","5683483.0000"
"3136","DNK","SP.POP.TOTL","2014","5643475.0000"
"3137","DJI","SP.POP.TOTL","2025","1184076.0000"
"3138","DJI","SP.POP.TOTL","2024","1168722.0000"
"3139","DJI","SP.POP.TOTL","2023","1152944.0000"
"3140","DJI","SP.POP.TOTL","2022","1137096.0000"
"3141","DJI","SP.POP.TOTL","2021","1121248.0000"
"3142","DJI","SP.POP.TOTL","2020","1105188.0000"
"3143","DJI","SP.POP.TOTL","2019","1088709.0000"
"3144","DJI","SP.POP.TOTL","2018","1071882.0000"
"3145","DJI","SP.POP.TOTL","2017","1054841.0000"
"3146","DJI","SP.POP.TOTL","2016","1037653.0000"
"3147","DJI","SP.POP.TOTL","2015","1020313.0000"
"3148","DJI","SP.POP.TOTL","2014","1002717.0000"
"3149","DMA","SP.POP.TOTL","2025","65871.0000"
"3150","DMA","SP.POP.TOTL","2024","66205.0000"
"3151","DMA","SP.POP.TOTL","2023","66510.0000"
"3152","DMA","SP.POP.TOTL","2022","66826.0000"
"3153","DMA","SP.POP.TOTL","2021","67202.0000"
"3154","DMA","SP.POP.TOTL","2020","67573.0000"
"3155","DMA","SP.POP.TOTL","2019","67880.0000"
"3156","DMA","SP.POP.TOTL","2018","68174.0000"
"3157","DMA","SP.POP.TOTL","2017","68496.0000"
"3158","DMA","SP.POP.TOTL","2016","69606.0000"
"3159","DMA","SP.POP.TOTL","2015","70410.0000"
"3160","DMA","SP.POP.TOTL","2014","70373.0000"
"3161","DOM","SP.POP.TOTL","2025","11520487.0000"
"3162","DOM","SP.POP.TOTL","2024","11427557.0000"
"3163","DOM","SP.POP.TOTL","2023","11331265.0000"
"3164","DOM","SP.POP.TOTL","2022","11230734.0000"
"3165","DOM","SP.POP.TOTL","2021","11123476.0000"
"3166","DOM","SP.POP.TOTL","2020","11008300.0000"
"3167","DOM","SP.POP.TOTL","2019","10894043.0000"
"3168","DOM","SP.POP.TOTL","2018","10782053.0000"
"3169","DOM","SP.POP.TOTL","2017","10666843.0000"
"3170","DOM","SP.POP.TOTL","2016","10551430.0000"
"3171","DOM","SP.POP.TOTL","2015","10434829.0000"
"3172","DOM","SP.POP.TOTL","2014","10315528.0000"
"3173","ECU","SP.POP.TOTL","2025","18289896.0000"
"3174","ECU","SP.POP.TOTL","2024","18135478.0000"
"3175","ECU","SP.POP.TOTL","2023","17980083.0000"
"3176","ECU","SP.POP.TOTL","2022","17823897.0000"
"3177","ECU","SP.POP.TOTL","2021","17682454.0000"
"3178","ECU","SP.POP.TOTL","2020","17546065.0000"
"3179","ECU","SP.POP.TOTL","2019","17340021.0000"
"3180","ECU","SP.POP.TOTL","2018","17049547.0000"
"3181","ECU","SP.POP.TOTL","2017","16759519.0000"
"3182","ECU","SP.POP.TOTL","2016","16505139.0000"
"3183","ECU","SP.POP.TOTL","2015","16266225.0000"
"3184","ECU","SP.POP.TOTL","2014","16035124.0000"
"3185","EGY","SP.POP.TOTL","2025","118365995.0000"
"3186","EGY","SP.POP.TOTL","2024","116538258.0000"
"3187","EGY","SP.POP.TOTL","2023","114535772.0000"
"3188","EGY","SP.POP.TOTL","2022","112618250.0000"
"3189","EGY","SP.POP.TOTL","2021","110957008.0000"
"3190","EGY","SP.POP.TOTL","2020","109315124.0000"
"3191","EGY","SP.POP.TOTL","2019","107553158.0000"
"3192","EGY","SP.POP.TOTL","2018","105682094.0000"
"3193","EGY","SP.POP.TOTL","2017","103696057.0000"
"3194","EGY","SP.POP.TOTL","2016","101644589.0000"
"3195","EGY","SP.POP.TOTL","2015","99597342.0000"
"3196","EGY","SP.POP.TOTL","2014","97528654.0000"
"3197","SLV","SP.POP.TOTL","2025","6365503.0000"
"3198","SLV","SP.POP.TOTL","2024","6338193.0000"
"3199","SLV","SP.POP.TOTL","2023","6309624.0000"
"3200","SLV","SP.POP.TOTL","2022","6280319.0000"
"3201","SLV","SP.POP.TOTL","2021","6255782.0000"
"3202","SLV","SP.POP.TOTL","2020","6234673.0000"
"3203","SLV","SP.POP.TOTL","2019","6222318.0000"
"3204","SLV","SP.POP.TOTL","2018","6219807.0000"
"3205","SLV","SP.POP.TOTL","2017","6213533.0000"
"3206","SLV","SP.POP.TOTL","2016","6200800.0000"
"3207","SLV","SP.POP.TOTL","2015","6183676.0000"
"3208","SLV","SP.POP.TOTL","2014","6162955.0000"
"3209","GNQ","SP.POP.TOTL","2025","1938431.0000"
"3210","GNQ","SP.POP.TOTL","2024","1892516.0000"
"3211","GNQ","SP.POP.TOTL","2023","1847549.0000"
"3212","GNQ","SP.POP.TOTL","2022","1803545.0000"
"3213","GNQ","SP.POP.TOTL","2021","1758786.0000"
"3214","GNQ","SP.POP.TOTL","2020","1716468.0000"
"3215","GNQ","SP.POP.TOTL","2019","1670177.0000"
"3216","GNQ","SP.POP.TOTL","2018","1616422.0000"
"3217","GNQ","SP.POP.TOTL","2017","1562396.0000"
"3218","GNQ","SP.POP.TOTL","2016","1508186.0000"
"3219","GNQ","SP.POP.TOTL","2015","1453923.0000"
"3220","GNQ","SP.POP.TOTL","2014","1399828.0000"
"3221","ERI","SP.POP.TOTL","2025","3607003.0000"
"3222","ERI","SP.POP.TOTL","2024","3535603.0000"
"3223","ERI","SP.POP.TOTL","2023","3470390.0000"
"3224","ERI","SP.POP.TOTL","2022","3409447.0000"
"3225","ERI","SP.POP.TOTL","2021","3350183.0000"
"3226","ERI","SP.POP.TOTL","2020","3291271.0000"
"3227","ERI","SP.POP.TOTL","2019","3240194.0000"
"3228","ERI","SP.POP.TOTL","2018","3192760.0000"
"3229","ERI","SP.POP.TOTL","2017","3150347.0000"
"3230","ERI","SP.POP.TOTL","2016","3124698.0000"
"3231","ERI","SP.POP.TOTL","2015","3105546.0000"
"3232","ERI","SP.POP.TOTL","2014","3095173.0000"
"3233","EST","SP.POP.TOTL","2025","1366475.0000"
"3234","EST","SP.POP.TOTL","2024","1372341.0000"
"3235","EST","SP.POP.TOTL","2023","1370286.0000"
"3236","EST","SP.POP.TOTL","2022","1348840.0000"
"3237","EST","SP.POP.TOTL","2021","1330932.0000"
"3238","EST","SP.POP.TOTL","2020","1329522.0000"
"3239","EST","SP.POP.TOTL","2019","1326898.0000"
"3240","EST","SP.POP.TOTL","2018","1321977.0000"
"3241","EST","SP.POP.TOTL","2017","1317384.0000"
"3242","EST","SP.POP.TOTL","2016","1315790.0000"
"3243","EST","SP.POP.TOTL","2015","1315407.0000"
"3244","EST","SP.POP.TOTL","2014","1314545.0000"
"3245","SWZ","SP.POP.TOTL","2025","1256174.0000"
"3246","SWZ","SP.POP.TOTL","2024","1242822.0000"
"3247","SWZ","SP.POP.TOTL","2023","1230506.0000"
"3248","SWZ","SP.POP.TOTL","2022","1218917.0000"
"3249","SWZ","SP.POP.TOTL","2021","1206593.0000"
"3250","SWZ","SP.POP.TOTL","2020","1192729.0000"
"3251","SWZ","SP.POP.TOTL","2019","1179874.0000"
"3252","SWZ","SP.POP.TOTL","2018","1168929.0000"
"3253","SWZ","SP.POP.TOTL","2017","1158195.0000"
"3254","SWZ","SP.POP.TOTL","2016","1149507.0000"
"3255","SWZ","SP.POP.TOTL","2015","1142813.0000"
"3256","SWZ","SP.POP.TOTL","2014","1136299.0000"
"3257","ETH","SP.POP.TOTL","2025","135472051.0000"
"3258","ETH","SP.POP.TOTL","2024","132059767.0000"
"3259","ETH","SP.POP.TOTL","2023","128691692.0000"
"3260","ETH","SP.POP.TOTL","2022","125384287.0000"
"3261","ETH","SP.POP.TOTL","2021","122138588.0000"
"3262","ETH","SP.POP.TOTL","2020","118917671.0000"
"3263","ETH","SP.POP.TOTL","2019","115737383.0000"
"3264","ETH","SP.POP.TOTL","2018","112664152.0000"
"3265","ETH","SP.POP.TOTL","2017","109666481.0000"
"3266","ETH","SP.POP.TOTL","2016","106718162.0000"
"3267","ETH","SP.POP.TOTL","2015","103867135.0000"
"3268","ETH","SP.POP.TOTL","2014","101115610.0000"
"3269","FRO","SP.POP.TOTL","2025","54900.0000"
"3270","FRO","SP.POP.TOTL","2024","54640.0000"
"3271","FRO","SP.POP.TOTL","2023","54398.0000"
"3272","FRO","SP.POP.TOTL","2022","53903.0000"
"3273","FRO","SP.POP.TOTL","2021","53291.0000"
"3274","FRO","SP.POP.TOTL","2020","52561.0000"
"3275","FRO","SP.POP.TOTL","2019","51790.0000"
"3276","FRO","SP.POP.TOTL","2018","50997.0000"
"3277","FRO","SP.POP.TOTL","2017","50179.0000"
"3278","FRO","SP.POP.TOTL","2016","49463.0000"
"3279","FRO","SP.POP.TOTL","2015","48898.0000"
"3280","FRO","SP.POP.TOTL","2014","48427.0000"
"3281","FJI","SP.POP.TOTL","2025","933154.0000"
"3282","FJI","SP.POP.TOTL","2024","928784.0000"
"3283","FJI","SP.POP.TOTL","2023","924145.0000"
"3284","FJI","SP.POP.TOTL","2022","919422.0000"
"3285","FJI","SP.POP.TOTL","2021","916711.0000"
"3286","FJI","SP.POP.TOTL","2020","914963.0000"
"3287","FJI","SP.POP.TOTL","2019","914899.0000"
"3288","FJI","SP.POP.TOTL","2018","917180.0000"
"3289","FJI","SP.POP.TOTL","2017","918759.0000"
"3290","FJI","SP.POP.TOTL","2016","919166.0000"
"3291","FJI","SP.POP.TOTL","2015","918578.0000"
"3292","FJI","SP.POP.TOTL","2014","917585.0000"
"3293","FIN","SP.POP.TOTL","2025","5646436.0000"
"3294","FIN","SP.POP.TOTL","2024","5619911.0000"
"3295","FIN","SP.POP.TOTL","2023","5583911.0000"
"3296","FIN","SP.POP.TOTL","2022","5556106.0000"
"3297","FIN","SP.POP.TOTL","2021","5541017.0000"
"3298","FIN","SP.POP.TOTL","2020","5529543.0000"
"3299","FIN","SP.POP.TOTL","2019","5521606.0000"
"3300","FIN","SP.POP.TOTL","2018","5515525.0000"
"3301","FIN","SP.POP.TOTL","2017","5508214.0000"
"3302","FIN","SP.POP.TOTL","2016","5495303.0000"
"3303","FIN","SP.POP.TOTL","2015","5479531.0000"
"3304","FIN","SP.POP.TOTL","2014","5461512.0000"
"3305","FRA","SP.POP.TOTL","2025","68720337.0000"
"3306","FRA","SP.POP.TOTL","2024","68551653.0000"
"3307","FRA","SP.POP.TOTL","2023","68372286.0000"
"3308","FRA","SP.POP.TOTL","2022","68184457.0000"
"3309","FRA","SP.POP.TOTL","2021","67842811.0000"
"3310","FRA","SP.POP.TOTL","2020","67601110.0000"
"3311","FRA","SP.POP.TOTL","2019","67382061.0000"
"3312","FRA","SP.POP.TOTL","2018","67158348.0000"
"3313","FRA","SP.POP.TOTL","2017","66918020.0000"
"3314","FRA","SP.POP.TOTL","2016","66724104.0000"
"3315","FRA","SP.POP.TOTL","2015","66548272.0000"
"3316","FRA","SP.POP.TOTL","2014","66312067.0000"
"3317","PYF","SP.POP.TOTL","2025","282465.0000"
"3318","PYF","SP.POP.TOTL","2024","281807.0000"
"3319","PYF","SP.POP.TOTL","2023","281118.0000"
"3320","PYF","SP.POP.TOTL","2022","280378.0000"
"3321","PYF","SP.POP.TOTL","2021","279792.0000"
"3322","PYF","SP.POP.TOTL","2020","279209.0000"
"3323","PYF","SP.POP.TOTL","2019","279034.0000"
"3324","PYF","SP.POP.TOTL","2018","279815.0000"
"3325","PYF","SP.POP.TOTL","2017","280087.0000"
"3326","PYF","SP.POP.TOTL","2016","279178.0000"
"3327","PYF","SP.POP.TOTL","2015","277866.0000"
"3328","PYF","SP.POP.TOTL","2014","276387.0000"
"3329","GAB","SP.POP.TOTL","2025","2593130.0000"
"3330","GAB","SP.POP.TOTL","2024","2538952.0000"
"3331","GAB","SP.POP.TOTL","2023","2484789.0000"
"3332","GAB","SP.POP.TOTL","2022","2430747.0000"
"3333","GAB","SP.POP.TOTL","2021","2376722.0000"
"3334","GAB","SP.POP.TOTL","2020","2322539.0000"
"3335","GAB","SP.POP.TOTL","2019","2267706.0000"
"3336","GAB","SP.POP.TOTL","2018","2212318.0000"
"3337","GAB","SP.POP.TOTL","2017","2156900.0000"
"3338","GAB","SP.POP.TOTL","2016","2100306.0000"
"3339","GAB","SP.POP.TOTL","2015","2040989.0000"
"3340","GAB","SP.POP.TOTL","2014","1978399.0000"
"3341","GMB","SP.POP.TOTL","2025","2822093.0000"
"3342","GMB","SP.POP.TOTL","2024","2759988.0000"
"3343","GMB","SP.POP.TOTL","2023","2697845.0000"
"3344","GMB","SP.POP.TOTL","2022","2636470.0000"
"3345","GMB","SP.POP.TOTL","2021","2576010.0000"
"3346","GMB","SP.POP.TOTL","2020","2515733.0000"
"3347","GMB","SP.POP.TOTL","2019","2456844.0000"
"3348","GMB","SP.POP.TOTL","2018","2399632.0000"
"3349","GMB","SP.POP.TOTL","2017","2342189.0000"
"3350","GMB","SP.POP.TOTL","2016","2283769.0000"
"3351","GMB","SP.POP.TOTL","2015","2224529.0000"
"3352","GMB","SP.POP.TOTL","2014","2164528.0000"
"3353","GEO","SP.POP.TOTL","2025","3935766.0000"
"3354","GEO","SP.POP.TOTL","2024","3812518.0000"
"3355","GEO","SP.POP.TOTL","2023","3715483.0000"
"3356","GEO","SP.POP.TOTL","2022","3712502.0000"
"3357","GEO","SP.POP.TOTL","2021","3708610.0000"
"3358","GEO","SP.POP.TOTL","2020","3722716.0000"
"3359","GEO","SP.POP.TOTL","2019","3720161.0000"
"3360","GEO","SP.POP.TOTL","2018","3726549.0000"
"3361","GEO","SP.POP.TOTL","2017","3728004.0000"
"3362","GEO","SP.POP.TOTL","2016","3727505.0000"
"3363","GEO","SP.POP.TOTL","2015","3725276.0000"
"3364","GEO","SP.POP.TOTL","2014","3719414.0000"
"3365","DEU","SP.POP.TOTL","2025","83491249.0000"
"3366","DEU","SP.POP.TOTL","2024","83516593.0000"
"3367","DEU","SP.POP.TOTL","2023","83287273.0000"
"3368","DEU","SP.POP.TOTL","2022","83177813.0000"
"3369","DEU","SP.POP.TOTL","2021","83196078.0000"
"3370","DEU","SP.POP.TOTL","2020","83160871.0000"
"3371","DEU","SP.POP.TOTL","2019","83092962.0000"
"3372","DEU","SP.POP.TOTL","2018","82905782.0000"
"3373","DEU","SP.POP.TOTL","2017","82657002.0000"
"3374","DEU","SP.POP.TOTL","2016","82348669.0000"
"3375","DEU","SP.POP.TOTL","2015","81686611.0000"
"3376","DEU","SP.POP.TOTL","2014","80982500.0000"
"3377","GHA","SP.POP.TOTL","2025","35064272.0000"
"3378","GHA","SP.POP.TOTL","2024","34427414.0000"
"3379","GHA","SP.POP.TOTL","2023","33787914.0000"
"3380","GHA","SP.POP.TOTL","2022","33149152.0000"
"3381","GHA","SP.POP.TOTL","2021","32518665.0000"
"3382","GHA","SP.POP.TOTL","2020","31887809.0000"
"3383","GHA","SP.POP.TOTL","2019","31258945.0000"
"3384","GHA","SP.POP.TOTL","2018","30637585.0000"
"3385","GHA","SP.POP.TOTL","2017","30008354.0000"
"3386","GHA","SP.POP.TOTL","2016","29356742.0000"
"3387","GHA","SP.POP.TOTL","2015","28696068.0000"
"3388","GHA","SP.POP.TOTL","2014","28041592.0000"
"3389","GIB","SP.POP.TOTL","2025","40126.0000"
"3390","GIB","SP.POP.TOTL","2024","39329.0000"
"3391","GIB","SP.POP.TOTL","2023","38471.0000"
"3392","GIB","SP.POP.TOTL","2022","37609.0000"
"3393","GIB","SP.POP.TOTL","2021","36858.0000"
"3394","GIB","SP.POP.TOTL","2020","36173.0000"
"3395","GIB","SP.POP.TOTL","2019","35494.0000"
"3396","GIB","SP.POP.TOTL","2018","34854.0000"
"3397","GIB","SP.POP.TOTL","2017","34245.0000"
"3398","GIB","SP.POP.TOTL","2016","33658.0000"
"3399","GIB","SP.POP.TOTL","2015","33193.0000"
"3400","GIB","SP.POP.TOTL","2014","32813.0000"
"3401","GRC","SP.POP.TOTL","2025","10413962.0000"
"3402","GRC","SP.POP.TOTL","2024","10405134.0000"
"3403","GRC","SP.POP.TOTL","2023","10407351.0000"
"3404","GRC","SP.POP.TOTL","2022","10437805.0000"
"3405","GRC","SP.POP.TOTL","2021","10570130.0000"
"3406","GRC","SP.POP.TOTL","2020","10698599.0000"
"3407","GRC","SP.POP.TOTL","2019","10721582.0000"
"3408","GRC","SP.POP.TOTL","2018","10732882.0000"
"3409","GRC","SP.POP.TOTL","2017","10754679.0000"
"3410","GRC","SP.POP.TOTL","2016","10775971.0000"
"3411","GRC","SP.POP.TOTL","2015","10820883.0000"
"3412","GRC","SP.POP.TOTL","2014","10892413.0000"
"3413","GRL","SP.POP.TOTL","2025","56831.0000"
"3414","GRL","SP.POP.TOTL","2024","56836.0000"
"3415","GRL","SP.POP.TOTL","2023","56865.0000"
"3416","GRL","SP.POP.TOTL","2022","56661.0000"
"3417","GRL","SP.POP.TOTL","2021","56653.0000"
"3418","GRL","SP.POP.TOTL","2020","56367.0000"
"3419","GRL","SP.POP.TOTL","2019","56225.0000"
"3420","GRL","SP.POP.TOTL","2018","56023.0000"
"3421","GRL","SP.POP.TOTL","2017","56172.0000"
"3422","GRL","SP.POP.TOTL","2016","56186.0000"
"3423","GRL","SP.POP.TOTL","2015","56114.0000"
"3424","GRL","SP.POP.TOTL","2014","56295.0000"
"3425","GRD","SP.POP.TOTL","2025","117303.0000"
"3426","GRD","SP.POP.TOTL","2024","117207.0000"
"3427","GRD","SP.POP.TOTL","2023","117081.0000"
"3428","GRD","SP.POP.TOTL","2022","116913.0000"
"3429","GRD","SP.POP.TOTL","2021","116688.0000"
"3430","GRD","SP.POP.TOTL","2020","116341.0000"
"3431","GRD","SP.POP.TOTL","2019","115981.0000"
"3432","GRD","SP.POP.TOTL","2018","115691.0000"
"3433","GRD","SP.POP.TOTL","2017","115438.0000"
"3434","GRD","SP.POP.TOTL","2016","115130.0000"
"3435","GRD","SP.POP.TOTL","2015","114676.0000"
"3436","GRD","SP.POP.TOTL","2014","114132.0000"
"3437","GUM","SP.POP.TOTL","2025","168999.0000"
"3438","GUM","SP.POP.TOTL","2024","167777.0000"
"3439","GUM","SP.POP.TOTL","2023","166506.0000"
"3440","GUM","SP.POP.TOTL","2022","165180.0000"
"3441","GUM","SP.POP.TOTL","2021","163730.0000"
"3442","GUM","SP.POP.TOTL","2020","162158.0000"
"3443","GUM","SP.POP.TOTL","2019","161808.0000"
"3444","GUM","SP.POP.TOTL","2018","162679.0000"
"3445","GUM","SP.POP.TOTL","2017","163490.0000"
"3446","GUM","SP.POP.TOTL","2016","164233.0000"
"3447","GUM","SP.POP.TOTL","2015","164905.0000"
"3448","GUM","SP.POP.TOTL","2014","165486.0000"
"3449","GTM","SP.POP.TOTL","2025","18687881.0000"
"3450","GTM","SP.POP.TOTL","2024","18406359.0000"
"3451","GTM","SP.POP.TOTL","2023","18124838.0000"
"3452","GTM","SP.POP.TOTL","2022","17847877.0000"
"3453","GTM","SP.POP.TOTL","2021","17598650.0000"
"3454","GTM","SP.POP.TOTL","2020","17357325.0000"
"3455","GTM","SP.POP.TOTL","2019","17103803.0000"
"3456","GTM","SP.POP.TOTL","2018","16845685.0000"
"3457","GTM","SP.POP.TOTL","2017","16567357.0000"
"3458","GTM","SP.POP.TOTL","2016","16268760.0000"
"3459","GTM","SP.POP.TOTL","2015","15971743.0000"
"3460","GTM","SP.POP.TOTL","2014","15681725.0000"
"3461","GIN","SP.POP.TOTL","2025","15099727.0000"
"3462","GIN","SP.POP.TOTL","2024","14754785.0000"
"3463","GIN","SP.POP.TOTL","2023","14405468.0000"
"3464","GIN","SP.POP.TOTL","2022","14055137.0000"
"3465","GIN","SP.POP.TOTL","2021","13710513.0000"
"3466","GIN","SP.POP.TOTL","2020","13371183.0000"
"3467","GIN","SP.POP.TOTL","2019","13034346.0000"
"3468","GIN","SP.POP.TOTL","2018","12704774.0000"
"3469","GIN","SP.POP.TOTL","2017","12385659.0000"
"3470","GIN","SP.POP.TOTL","2016","12073030.0000"
"3471","GIN","SP.POP.TOTL","2015","11767070.0000"
"3472","GIN","SP.POP.TOTL","2014","11472924.0000"
"3473","GNB","SP.POP.TOTL","2025","2249515.0000"
"3474","GNB","SP.POP.TOTL","2024","2201352.0000"
"3475","GNB","SP.POP.TOTL","2023","2153339.0000"
"3476","GNB","SP.POP.TOTL","2022","2105529.0000"
"3477","GNB","SP.POP.TOTL","2021","2058841.0000"
"3478","GNB","SP.POP.TOTL","2020","2013255.0000"
"3479","GNB","SP.POP.TOTL","2019","1967696.0000"
"3480","GNB","SP.POP.TOTL","2018","1922168.0000"
"3481","GNB","SP.POP.TOTL","2017","1877072.0000"
"3482","GNB","SP.POP.TOTL","2016","1831893.0000"
"3483","GNB","SP.POP.TOTL","2015","1786457.0000"
"3484","GNB","SP.POP.TOTL","2014","1741122.0000"
"3485","GUY","SP.POP.TOTL","2025","835986.0000"
"3486","GUY","SP.POP.TOTL","2024","831087.0000"
"3487","GUY","SP.POP.TOTL","2023","826353.0000"
"3488","GUY","SP.POP.TOTL","2022","821637.0000"
"3489","GUY","SP.POP.TOTL","2021","815482.0000"
"3490","GUY","SP.POP.TOTL","2020","807481.0000"
"3491","GUY","SP.POP.TOTL","2019","807665.0000"
"3492","GUY","SP.POP.TOTL","2018","791556.0000"
"3493","GUY","SP.POP.TOTL","2017","768479.0000"
"3494","GUY","SP.POP.TOTL","2016","763548.0000"
"3495","GUY","SP.POP.TOTL","2015","758781.0000"
"3496","GUY","SP.POP.TOTL","2014","754229.0000"
"3497","HTI","SP.POP.TOTL","2025","11906095.0000"
"3498","HTI","SP.POP.TOTL","2024","11772557.0000"
"3499","HTI","SP.POP.TOTL","2023","11637398.0000"
"3500","HTI","SP.POP.TOTL","2022","11503606.0000"
"3501","HTI","SP.POP.TOTL","2021","11374586.0000"
"3502","HTI","SP.POP.TOTL","2020","11243848.0000"
"3503","HTI","SP.POP.TOTL","2019","11105163.0000"
"3504","HTI","SP.POP.TOTL","2018","10962362.0000"
"3505","HTI","SP.POP.TOTL","2017","10817754.0000"
"3506","HTI","SP.POP.TOTL","2016","10671457.0000"
"3507","HTI","SP.POP.TOTL","2015","10523242.0000"
"3508","HTI","SP.POP.TOTL","2014","10373235.0000"
"3509","HND","SP.POP.TOTL","2025","11005850.0000"
"3510","HND","SP.POP.TOTL","2024","10825703.0000"
"3511","HND","SP.POP.TOTL","2023","10644851.0000"
"3512","HND","SP.POP.TOTL","2022","10463872.0000"
"3513","HND","SP.POP.TOTL","2021","10289877.0000"
"3514","HND","SP.POP.TOTL","2020","10119640.0000"
"3515","HND","SP.POP.TOTL","2019","9943633.0000"
"3516","HND","SP.POP.TOTL","2018","9765210.0000"
"3517","HND","SP.POP.TOTL","2017","9588137.0000"
"3518","HND","SP.POP.TOTL","2016","9412380.0000"
"3519","HND","SP.POP.TOTL","2015","9237305.0000"
"3520","HND","SP.POP.TOTL","2014","9063122.0000"
"3521","HKG","SP.POP.TOTL","2025","7498900.0000"
"3522","HKG","SP.POP.TOTL","2024","7524100.0000"
"3523","HKG","SP.POP.TOTL","2023","7536100.0000"
"3524","HKG","SP.POP.TOTL","2022","7346100.0000"
"3525","HKG","SP.POP.TOTL","2021","7413100.0000"
"3526","HKG","SP.POP.TOTL","2020","7481000.0000"
"3527","HKG","SP.POP.TOTL","2019","7507900.0000"
"3528","HKG","SP.POP.TOTL","2018","7452600.0000"
"3529","HKG","SP.POP.TOTL","2017","7393200.0000"
"3530","HKG","SP.POP.TOTL","2016","7336600.0000"
"3531","HKG","SP.POP.TOTL","2015","7291300.0000"
"3532","HKG","SP.POP.TOTL","2014","7229500.0000"
"3533","HUN","SP.POP.TOTL","2025","9514251.0000"
"3534","HUN","SP.POP.TOTL","2024","9562065.0000"
"3535","HUN","SP.POP.TOTL","2023","9592186.0000"
"3536","HUN","SP.POP.TOTL","2022","9605074.0000"
"3537","HUN","SP.POP.TOTL","2021","9630932.0000"
"3538","HUN","SP.POP.TOTL","2020","9670419.0000"
"3539","HUN","SP.POP.TOTL","2019","9694824.0000"
"3540","HUN","SP.POP.TOTL","2018","9706964.0000"
"3541","HUN","SP.POP.TOTL","2017","9726756.0000"
"3542","HUN","SP.POP.TOTL","2016","9759755.0000"
"3543","HUN","SP.POP.TOTL","2015","9797755.0000"
"3544","HUN","SP.POP.TOTL","2014","9833038.0000"
"3545","ISL","SP.POP.TOTL","2025","392404.0000"
"3546","ISL","SP.POP.TOTL","2024","386506.0000"
"3547","ISL","SP.POP.TOTL","2023","385663.0000"
"3548","ISL","SP.POP.TOTL","2022","382003.0000"
"3549","ISL","SP.POP.TOTL","2021","372520.0000"
"3550","ISL","SP.POP.TOTL","2020","366463.0000"
"3551","ISL","SP.POP.TOTL","2019","360563.0000"
"3552","ISL","SP.POP.TOTL","2018","352721.0000"
"3553","ISL","SP.POP.TOTL","2017","343400.0000"
"3554","ISL","SP.POP.TOTL","2016","335439.0000"
"3555","ISL","SP.POP.TOTL","2015","330815.0000"
"3556","ISL","SP.POP.TOTL","2014","327386.0000"
"3557","IND","SP.POP.TOTL","2025","1463865525.0000"
"3558","IND","SP.POP.TOTL","2024","1450935791.0000"
"3559","IND","SP.POP.TOTL","2023","1438069596.0000"
"3560","IND","SP.POP.TOTL","2022","1425423212.0000"
"3561","IND","SP.POP.TOTL","2021","1414203896.0000"
"3562","IND","SP.POP.TOTL","2020","1402617695.0000"
"3563","IND","SP.POP.TOTL","2019","1389030312.0000"
"3564","IND","SP.POP.TOTL","2018","1374659064.0000"
"3565","IND","SP.POP.TOTL","2017","1359657400.0000"
"3566","IND","SP.POP.TOTL","2016","1343944296.0000"
"3567","IND","SP.POP.TOTL","2015","1328024498.0000"
"3568","IND","SP.POP.TOTL","2014","1312277191.0000"
"3569","IDN","SP.POP.TOTL","2025","285721236.0000"
"3570","IDN","SP.POP.TOTL","2024","283487931.0000"
"3571","IDN","SP.POP.TOTL","2023","281190067.0000"
"3572","IDN","SP.POP.TOTL","2022","278830529.0000"
"3573","IDN","SP.POP.TOTL","2021","276758053.0000"
"3574","IDN","SP.POP.TOTL","2020","274814866.0000"
"3575","IDN","SP.POP.TOTL","2019","272489381.0000"
"3576","IDN","SP.POP.TOTL","2018","269951846.0000"
"3577","IDN","SP.POP.TOTL","2017","267346658.0000"
"3578","IDN","SP.POP.TOTL","2016","264627418.0000"
"3579","IDN","SP.POP.TOTL","2015","261799249.0000"
"3580","IDN","SP.POP.TOTL","2014","258877399.0000"
"3581","IRN","SP.POP.TOTL","2025","92417681.0000"
"3582","IRN","SP.POP.TOTL","2024","91567738.0000"
"3583","IRN","SP.POP.TOTL","2023","90608707.0000"
"3584","IRN","SP.POP.TOTL","2022","89524246.0000"
"3585","IRN","SP.POP.TOTL","2021","88455488.0000"
"3586","IRN","SP.POP.TOTL","2020","87723443.0000"
"3587","IRN","SP.POP.TOTL","2019","87051648.0000"
"3588","IRN","SP.POP.TOTL","2018","86117998.0000"
"3589","IRN","SP.POP.TOTL","2017","85026754.0000"
"3590","IRN","SP.POP.TOTL","2016","83812228.0000"
"3591","IRN","SP.POP.TOTL","2015","82619362.0000"
"3592","IRN","SP.POP.TOTL","2014","81502045.0000"
"3593","IRQ","SP.POP.TOTL","2025","47020774.0000"
"3594","IRQ","SP.POP.TOTL","2024","46042015.0000"
"3595","IRQ","SP.POP.TOTL","2023","45074049.0000"
"3596","IRQ","SP.POP.TOTL","2022","44070551.0000"
"3597","IRQ","SP.POP.TOTL","2021","43071211.0000"
"3598","IRQ","SP.POP.TOTL","2020","42116605.0000"
"3599","IRQ","SP.POP.TOTL","2019","41192171.0000"
"3600","IRQ","SP.POP.TOTL","2018","40265624.0000"
"3601","IRQ","SP.POP.TOTL","2017","39337353.0000"
"3602","IRQ","SP.POP.TOTL","2016","38469627.0000"
"3603","IRQ","SP.POP.TOTL","2015","37560535.0000"
"3604","IRQ","SP.POP.TOTL","2014","36550059.0000"
"3605","IRL","SP.POP.TOTL","2025","5484367.0000"
"3606","IRL","SP.POP.TOTL","2024","5395790.0000"
"3607","IRL","SP.POP.TOTL","2023","5311538.0000"
"3608","IRL","SP.POP.TOTL","2022","5212836.0000"
"3609","IRL","SP.POP.TOTL","2021","5110585.0000"
"3610","IRL","SP.POP.TOTL","2020","5039747.0000"
"3611","IRL","SP.POP.TOTL","2019","4976456.0000"
"3612","IRL","SP.POP.TOTL","2018","4898022.0000"
"3613","IRL","SP.POP.TOTL","2017","4827445.0000"
"3614","IRL","SP.POP.TOTL","2016","4762722.0000"
"3615","IRL","SP.POP.TOTL","2015","4701957.0000"
"3616","IRL","SP.POP.TOTL","2014","4657740.0000"
"3617","IMN","SP.POP.TOTL","2025","84118.0000"
"3618","IMN","SP.POP.TOTL","2024","84160.0000"
"3619","IMN","SP.POP.TOTL","2023","84165.0000"
"3620","IMN","SP.POP.TOTL","2022","84132.0000"
"3621","IMN","SP.POP.TOTL","2021","84106.0000"
"3622","IMN","SP.POP.TOTL","2020","84064.0000"
"3623","IMN","SP.POP.TOTL","2019","83957.0000"
"3624","IMN","SP.POP.TOTL","2018","83805.0000"
"3625","IMN","SP.POP.TOTL","2017","83609.0000"
"3626","IMN","SP.POP.TOTL","2016","83466.0000"
"3627","IMN","SP.POP.TOTL","2015","83593.0000"
"3628","IMN","SP.POP.TOTL","2014","83892.0000"
"3629","ISR","SP.POP.TOTL","2025","10122800.0000"
"3630","ISR","SP.POP.TOTL","2024","10002200.0000"
"3631","ISR","SP.POP.TOTL","2023","9849000.0000"
"3632","ISR","SP.POP.TOTL","2022","9557500.0000"
"3633","ISR","SP.POP.TOTL","2021","9371400.0000"
"3634","ISR","SP.POP.TOTL","2020","9215100.0000"
"3635","ISR","SP.POP.TOTL","2019","9054000.0000"
"3636","ISR","SP.POP.TOTL","2018","8882800.0000"
"3637","ISR","SP.POP.TOTL","2017","8713300.0000"
"3638","ISR","SP.POP.TOTL","2016","8546000.0000"
"3639","ISR","SP.POP.TOTL","2015","8380100.0000"
"3640","ISR","SP.POP.TOTL","2014","8215700.0000"
"3641","ITA","SP.POP.TOTL","2025","58915656.0000"
"3642","ITA","SP.POP.TOTL","2024","58952704.0000"
"3643","ITA","SP.POP.TOTL","2023","58984216.0000"
"3644","ITA","SP.POP.TOTL","2022","59013667.0000"
"3645","ITA","SP.POP.TOTL","2021","59133173.0000"
"3646","ITA","SP.POP.TOTL","2020","59438851.0000"
"3647","ITA","SP.POP.TOTL","2019","59729081.0000"
"3648","ITA","SP.POP.TOTL","2018","59877221.0000"
"3649","ITA","SP.POP.TOTL","2017","60002252.0000"
"3650","ITA","SP.POP.TOTL","2016","60115223.0000"
"3651","ITA","SP.POP.TOTL","2015","60229605.0000"
"3652","ITA","SP.POP.TOTL","2014","60320707.0000"
"3653","JAM","SP.POP.TOTL","2025","2837077.0000"
"3654","JAM","SP.POP.TOTL","2024","2839175.0000"
"3655","JAM","SP.POP.TOTL","2023","2839786.0000"
"3656","JAM","SP.POP.TOTL","2022","2839144.0000"
"3657","JAM","SP.POP.TOTL","2021","2837682.0000"
"3658","JAM","SP.POP.TOTL","2020","2830739.0000"
"3659","JAM","SP.POP.TOTL","2019","2823271.0000"
"3660","JAM","SP.POP.TOTL","2018","2820097.0000"
"3661","JAM","SP.POP.TOTL","2017","2815764.0000"
"3662","JAM","SP.POP.TOTL","2016","2809915.0000"
"3663","JAM","SP.POP.TOTL","2015","2802534.0000"
"3664","JAM","SP.POP.TOTL","2014","2793749.0000"
"3665","JPN","SP.POP.TOTL","2025","123366734.0000"
"3666","JPN","SP.POP.TOTL","2024","123975371.0000"
"3667","JPN","SP.POP.TOTL","2023","124516650.0000"
"3668","JPN","SP.POP.TOTL","2022","125124989.0000"
"3669","JPN","SP.POP.TOTL","2021","125681593.0000"
"3670","JPN","SP.POP.TOTL","2020","126261000.0000"
"3671","JPN","SP.POP.TOTL","2019","126633000.0000"
"3672","JPN","SP.POP.TOTL","2018","126811000.0000"
"3673","JPN","SP.POP.TOTL","2017","126972000.0000"
"3674","JPN","SP.POP.TOTL","2016","127076000.0000"
"3675","JPN","SP.POP.TOTL","2015","127141000.0000"
"3676","JPN","SP.POP.TOTL","2014","127276000.0000"
"3677","JOR","SP.POP.TOTL","2025","11520684.0000"
"3678","JOR","SP.POP.TOTL","2024","11552876.0000"
"3679","JOR","SP.POP.TOTL","2023","11439213.0000"
"3680","JOR","SP.POP.TOTL","2022","11256263.0000"
"3681","JOR","SP.POP.TOTL","2021","11066356.0000"
"3682","JOR","SP.POP.TOTL","2020","10865228.0000"
"3683","JOR","SP.POP.TOTL","2019","10671891.0000"
"3684","JOR","SP.POP.TOTL","2018","10462306.0000"
"3685","JOR","SP.POP.TOTL","2017","10234226.0000"
"3686","JOR","SP.POP.TOTL","2016","10006367.0000"
"3687","JOR","SP.POP.TOTL","2015","9544729.0000"
"3688","JOR","SP.POP.TOTL","2014","8791710.0000"
"3689","KAZ","SP.POP.TOTL","2025","20843754.0000"
"3690","KAZ","SP.POP.TOTL","2024","20592571.0000"
"3691","KAZ","SP.POP.TOTL","2023","20330104.0000"
"3692","KAZ","SP.POP.TOTL","2022","20034609.0000"
"3693","KAZ","SP.POP.TOTL","2021","19743603.0000"
"3694","KAZ","SP.POP.TOTL","2020","19482117.0000"
"3695","KAZ","SP.POP.TOTL","2019","19209555.0000"
"3696","KAZ","SP.POP.TOTL","2018","18932727.0000"
"3697","KAZ","SP.POP.TOTL","2017","18651931.0000"
"3698","KAZ","SP.POP.TOTL","2016","18363600.0000"
"3699","KAZ","SP.POP.TOTL","2015","18084169.0000"
"3700","KAZ","SP.POP.TOTL","2014","17816285.0000"
"3701","KEN","SP.POP.TOTL","2025","57532493.0000"
"3702","KEN","SP.POP.TOTL","2024","56432944.0000"
"3703","KEN","SP.POP.TOTL","2023","55339003.0000"
"3704","KEN","SP.POP.TOTL","2022","54252461.0000"
"3705","KEN","SP.POP.TOTL","2021","53219166.0000"
"3706","KEN","SP.POP.TOTL","2020","52217334.0000"
"3707","KEN","SP.POP.TOTL","2019","51202827.0000"
"3708","KEN","SP.POP.TOTL","2018","50207107.0000"
"3709","KEN","SP.POP.TOTL","2017","49197766.0000"
"3710","KEN","SP.POP.TOTL","2016","48139687.0000"
"3711","KEN","SP.POP.TOTL","2015","47088526.0000"
"3712","KEN","SP.POP.TOTL","2014","46051440.0000"
"3713","KIR","SP.POP.TOTL","2025","136488.0000"
"3714","KIR","SP.POP.TOTL","2024","134518.0000"
"3715","KIR","SP.POP.TOTL","2023","132530.0000"
"3716","KIR","SP.POP.TOTL","2022","130469.0000"
"3717","KIR","SP.POP.TOTL","2021","128377.0000"
"3718","KIR","SP.POP.TOTL","2020","126099.0000"
"3719","KIR","SP.POP.TOTL","2019","123921.0000"
"3720","KIR","SP.POP.TOTL","2018","122084.0000"
"3721","KIR","SP.POP.TOTL","2017","120275.0000"
"3722","KIR","SP.POP.TOTL","2016","118478.0000"
"3723","KIR","SP.POP.TOTL","2015","116815.0000"
"3724","KIR","SP.POP.TOTL","2014","115326.0000"
"3725","PRK","SP.POP.TOTL","2025","26571036.0000"
"3726","PRK","SP.POP.TOTL","2024","26498823.0000"
"3727","PRK","SP.POP.TOTL","2023","26418204.0000"
"3728","PRK","SP.POP.TOTL","2022","26328845.0000"
"3729","PRK","SP.POP.TOTL","2021","26232534.0000"
"3730","PRK","SP.POP.TOTL","2020","26136312.0000"
"3731","PRK","SP.POP.TOTL","2019","26037632.0000"
"3732","PRK","SP.POP.TOTL","2018","25931147.0000"
"3733","PRK","SP.POP.TOTL","2017","25817709.0000"
"3734","PRK","SP.POP.TOTL","2016","25698326.0000"
"3735","PRK","SP.POP.TOTL","2015","25575350.0000"
"3736","PRK","SP.POP.TOTL","2014","25451262.0000"
"3737","KOR","SP.POP.TOTL","2025","51684564.0000"
"3738","KOR","SP.POP.TOTL","2024","51751065.0000"
"3739","KOR","SP.POP.TOTL","2023","51712619.0000"
"3740","KOR","SP.POP.TOTL","2022","51672569.0000"
"3741","KOR","SP.POP.TOTL","2021","51769539.0000"
"3742","KOR","SP.POP.TOTL","2020","51836239.0000"
"3743","KOR","SP.POP.TOTL","2019","51764822.0000"
"3744","KOR","SP.POP.TOTL","2018","51585058.0000"
"3745","KOR","SP.POP.TOTL","2017","51361911.0000"
"3746","KOR","SP.POP.TOTL","2016","51217803.0000"
"3747","KOR","SP.POP.TOTL","2015","51014947.0000"
"3748","KOR","SP.POP.TOTL","2014","50746659.0000"
"3749","XKX","SP.POP.TOTL","2025","1576876.0000"
"3750","XKX","SP.POP.TOTL","2024","1594353.0000"
"3751","XKX","SP.POP.TOTL","2023","1682668.0000"
"3752","XKX","SP.POP.TOTL","2022","1768096.0000"
"3753","XKX","SP.POP.TOTL","2021","1786079.0000"
"3754","XKX","SP.POP.TOTL","2020","1790151.0000"
"3755","XKX","SP.POP.TOTL","2019","1788891.0000"
"3756","XKX","SP.POP.TOTL","2018","1797086.0000"
"3757","XKX","SP.POP.TOTL","2017","1791019.0000"
"3758","XKX","SP.POP.TOTL","2016","1777568.0000"
"3759","XKX","SP.POP.TOTL","2015","1788274.0000"
"3760","XKX","SP.POP.TOTL","2014","1812788.0000"
"3761","KWT","SP.POP.TOTL","2025","4865298.0000"
"3762","KWT","SP.POP.TOTL","2024","4897263.0000"
"3763","KWT","SP.POP.TOTL","2023","4853420.0000"
"3764","KWT","SP.POP.TOTL","2022","4589643.0000"
"3765","KWT","SP.POP.TOTL","2021","4360865.0000"
"3766","KWT","SP.POP.TOTL","2020","4400267.0000"
"3767","KWT","SP.POP.TOTL","2019","4442316.0000"
"3768","KWT","SP.POP.TOTL","2018","4323515.0000"
"3769","KWT","SP.POP.TOTL","2017","4154812.0000"
"3770","KWT","SP.POP.TOTL","2016","4004096.0000"
"3771","KWT","SP.POP.TOTL","2015","3834574.0000"
"3772","KWT","SP.POP.TOTL","2014","3665876.0000"
"3773","KGZ","SP.POP.TOTL","2025","7343064.0000"
"3774","KGZ","SP.POP.TOTL","2024","7221868.0000"
"3775","KGZ","SP.POP.TOTL","2023","7099750.0000"
"3776","KGZ","SP.POP.TOTL","2022","6975220.0000"
"3777","KGZ","SP.POP.TOTL","2021","6851224.0000"
"3778","KGZ","SP.POP.TOTL","2020","6726596.0000"
"3779","KGZ","SP.POP.TOTL","2019","6590211.0000"
"3780","KGZ","SP.POP.TOTL","2018","6444079.0000"
"3781","KGZ","SP.POP.TOTL","2017","6306696.0000"
"3782","KGZ","SP.POP.TOTL","2016","6175338.0000"
"3783","KGZ","SP.POP.TOTL","2015","6040036.0000"
"3784","KGZ","SP.POP.TOTL","2014","5905848.0000"
"3785","LAO","SP.POP.TOTL","2025","7873046.0000"
"3786","LAO","SP.POP.TOTL","2024","7769819.0000"
"3787","LAO","SP.POP.TOTL","2023","7664993.0000"
"3788","LAO","SP.POP.TOTL","2022","7559007.0000"
"3789","LAO","SP.POP.TOTL","2021","7453194.0000"
"3790","LAO","SP.POP.TOTL","2020","7346533.0000"
"3791","LAO","SP.POP.TOTL","2019","7237636.0000"
"3792","LAO","SP.POP.TOTL","2018","7128045.0000"
"3793","LAO","SP.POP.TOTL","2017","7018147.0000"
"3794","LAO","SP.POP.TOTL","2016","6908802.0000"
"3795","LAO","SP.POP.TOTL","2015","6801645.0000"
"3796","LAO","SP.POP.TOTL","2014","6703172.0000"
"3797","LVA","SP.POP.TOTL","2025","1847785.0000"
"3798","LVA","SP.POP.TOTL","2024","1866124.0000"
"3799","LVA","SP.POP.TOTL","2023","1883710.0000"
"3800","LVA","SP.POP.TOTL","2022","1879383.0000"
"3801","LVA","SP.POP.TOTL","2021","1884490.0000"
"3802","LVA","SP.POP.TOTL","2020","1900449.0000"
"3803","LVA","SP.POP.TOTL","2019","1913822.0000"
"3804","LVA","SP.POP.TOTL","2018","1927174.0000"
"3805","LVA","SP.POP.TOTL","2017","1942248.0000"
"3806","LVA","SP.POP.TOTL","2016","1959537.0000"
"3807","LVA","SP.POP.TOTL","2015","1977527.0000"
"3808","LVA","SP.POP.TOTL","2014","1993782.0000"
"3809","LBN","SP.POP.TOTL","2025","5849421.0000"
"3810","LBN","SP.POP.TOTL","2024","5805962.0000"
"3811","LBN","SP.POP.TOTL","2023","5773493.0000"
"3812","LBN","SP.POP.TOTL","2022","5744489.0000"
"3813","LBN","SP.POP.TOTL","2021","5718122.0000"
"3814","LBN","SP.POP.TOTL","2020","5702398.0000"
"3815","LBN","SP.POP.TOTL","2019","5794594.0000"
"3816","LBN","SP.POP.TOTL","2018","5984119.0000"
"3817","LBN","SP.POP.TOTL","2017","6160128.0000"
"3818","LBN","SP.POP.TOTL","2016","6323060.0000"
"3819","LBN","SP.POP.TOTL","2015","6472469.0000"
"3820","LBN","SP.POP.TOTL","2014","6346990.0000"
"3821","LSO","SP.POP.TOTL","2025","2363325.0000"
"3822","LSO","SP.POP.TOTL","2024","2337423.0000"
"3823","LSO","SP.POP.TOTL","2023","2311472.0000"
"3824","LSO","SP.POP.TOTL","2022","2286110.0000"
"3825","LSO","SP.POP.TOTL","2021","2261542.0000"
"3826","LSO","SP.POP.TOTL","2020","2235727.0000"
"3827","LSO","SP.POP.TOTL","2019","2209405.0000"
"3828","LSO","SP.POP.TOTL","2018","2183603.0000"
"3829","LSO","SP.POP.TOTL","2017","2157110.0000"
"3830","LSO","SP.POP.TOTL","2016","2130422.0000"
"3831","LSO","SP.POP.TOTL","2015","2104611.0000"
"3832","LSO","SP.POP.TOTL","2014","2080089.0000"
"3833","LBR","SP.POP.TOTL","2025","5731206.0000"
"3834","LBR","SP.POP.TOTL","2024","5612817.0000"
"3835","LBR","SP.POP.TOTL","2023","5493031.0000"
"3836","LBR","SP.POP.TOTL","2022","5373294.0000"
"3837","LBR","SP.POP.TOTL","2021","5259323.0000"
"3838","LBR","SP.POP.TOTL","2020","5149463.0000"
"3839","LBR","SP.POP.TOTL","2019","5043721.0000"
"3840","LBR","SP.POP.TOTL","2018","4944726.0000"
"3841","LBR","SP.POP.TOTL","2017","4848925.0000"
"3842","LBR","SP.POP.TOTL","2016","4755608.0000"
"3843","LBR","SP.POP.TOTL","2015","4659431.0000"
"3844","LBR","SP.POP.TOTL","2014","4564293.0000"
"3845","LBY","SP.POP.TOTL","2025","7458555.0000"
"3846","LBY","SP.POP.TOTL","2024","7381023.0000"
"3847","LBY","SP.POP.TOTL","2023","7305659.0000"
"3848","LBY","SP.POP.TOTL","2022","7223805.0000"
"3849","LBY","SP.POP.TOTL","2021","7135175.0000"
"3850","LBY","SP.POP.TOTL","2020","7045399.0000"
"3851","LBY","SP.POP.TOTL","2019","6951033.0000"
"3852","LBY","SP.POP.TOTL","2018","6849055.0000"
"3853","LBY","SP.POP.TOTL","2017","6738770.0000"
"3854","LBY","SP.POP.TOTL","2016","6632126.0000"
"3855","LBY","SP.POP.TOTL","2015","6531819.0000"
"3856","LBY","SP.POP.TOTL","2014","6427252.0000"
"3857","LIE","SP.POP.TOTL","2025","41024.0000"
"3858","LIE","SP.POP.TOTL","2024","40450.0000"
"3859","LIE","SP.POP.TOTL","2023","39846.0000"
"3860","LIE","SP.POP.TOTL","2022","39493.0000"
"3861","LIE","SP.POP.TOTL","2021","39182.0000"
"3862","LIE","SP.POP.TOTL","2020","38901.0000"
"3863","LIE","SP.POP.TOTL","2019","38563.0000"
"3864","LIE","SP.POP.TOTL","2018","38246.0000"
"3865","LIE","SP.POP.TOTL","2017","37962.0000"
"3866","LIE","SP.POP.TOTL","2016","37716.0000"
"3867","LIE","SP.POP.TOTL","2015","37494.0000"
"3868","LIE","SP.POP.TOTL","2014","37248.0000"
"3869","LTU","SP.POP.TOTL","2025","2888774.0000"
"3870","LTU","SP.POP.TOTL","2024","2888278.0000"
"3871","LTU","SP.POP.TOTL","2023","2871585.0000"
"3872","LTU","SP.POP.TOTL","2022","2831639.0000"
"3873","LTU","SP.POP.TOTL","2021","2808380.0000"
"3874","LTU","SP.POP.TOTL","2020","2810369.0000"
"3875","LTU","SP.POP.TOTL","2019","2811089.0000"
"3876","LTU","SP.POP.TOTL","2018","2819200.0000"
"3877","LTU","SP.POP.TOTL","2017","2842639.0000"
"3878","LTU","SP.POP.TOTL","2016","2877325.0000"
"3879","LTU","SP.POP.TOTL","2015","2911109.0000"
"3880","LTU","SP.POP.TOTL","2014","2937253.0000"
"3881","LUX","SP.POP.TOTL","2025","686970.0000"
"3882","LUX","SP.POP.TOTL","2024","677012.0000"
"3883","LUX","SP.POP.TOTL","2023","666430.0000"
"3884","LUX","SP.POP.TOTL","2022","653103.0000"
"3885","LUX","SP.POP.TOTL","2021","640064.0000"
"3886","LUX","SP.POP.TOTL","2020","630419.0000"
"3887","LUX","SP.POP.TOTL","2019","620001.0000"
"3888","LUX","SP.POP.TOTL","2018","607950.0000"
"3889","LUX","SP.POP.TOTL","2017","596336.0000"
"3890","LUX","SP.POP.TOTL","2016","582014.0000"
"3891","LUX","SP.POP.TOTL","2015","569604.0000"
"3892","LUX","SP.POP.TOTL","2014","556319.0000"
"3893","MAC","SP.POP.TOTL","2025","685900.0000"
"3894","MAC","SP.POP.TOTL","2024","687000.0000"
"3895","MAC","SP.POP.TOTL","2023","678800.0000"
"3896","MAC","SP.POP.TOTL","2022","677300.0000"
"3897","MAC","SP.POP.TOTL","2021","682500.0000"
"3898","MAC","SP.POP.TOTL","2020","685400.0000"
"3899","MAC","SP.POP.TOTL","2019","672000.0000"
"3900","MAC","SP.POP.TOTL","2018","658900.0000"
"3901","MAC","SP.POP.TOTL","2017","648400.0000"
"3902","MAC","SP.POP.TOTL","2016","652500.0000"
"3903","MAC","SP.POP.TOTL","2015","642900.0000"
"3904","MAC","SP.POP.TOTL","2014","621700.0000"
"3905","MDG","SP.POP.TOTL","2025","32740678.0000"
"3906","MDG","SP.POP.TOTL","2024","31964956.0000"
"3907","MDG","SP.POP.TOTL","2023","31195932.0000"
"3908","MDG","SP.POP.TOTL","2022","30437261.0000"
"3909","MDG","SP.POP.TOTL","2021","29691083.0000"
"3910","MDG","SP.POP.TOTL","2020","28953556.0000"
"3911","MDG","SP.POP.TOTL","2019","28219554.0000"
"3912","MDG","SP.POP.TOTL","2018","27494926.0000"
"3913","MDG","SP.POP.TOTL","2017","26788375.0000"
"3914","MDG","SP.POP.TOTL","2016","26099952.0000"
"3915","MDG","SP.POP.TOTL","2015","25426702.0000"
"3916","MDG","SP.POP.TOTL","2014","24764348.0000"
"3917","MWI","SP.POP.TOTL","2025","22216120.0000"
"3918","MWI","SP.POP.TOTL","2024","21655286.0000"
"3919","MWI","SP.POP.TOTL","2023","21104482.0000"
"3920","MWI","SP.POP.TOTL","2022","20568728.0000"
"3921","MWI","SP.POP.TOTL","2021","20047258.0000"
"3922","MWI","SP.POP.TOTL","2020","19533888.0000"
"3923","MWI","SP.POP.TOTL","2019","19025752.0000"
"3924","MWI","SP.POP.TOTL","2018","18528081.0000"
"3925","MWI","SP.POP.TOTL","2017","18039715.0000"
"3926","MWI","SP.POP.TOTL","2016","17557739.0000"
"3927","MWI","SP.POP.TOTL","2015","17085587.0000"
"3928","MWI","SP.POP.TOTL","2014","16621538.0000"
"3929","MYS","SP.POP.TOTL","2025","35977838.0000"
"3930","MYS","SP.POP.TOTL","2024","35557673.0000"
"3931","MYS","SP.POP.TOTL","2023","35126298.0000"
"3932","MYS","SP.POP.TOTL","2022","34695493.0000"
"3933","MYS","SP.POP.TOTL","2021","34282399.0000"
"3934","MYS","SP.POP.TOTL","2020","33889558.0000"
"3935","MYS","SP.POP.TOTL","2019","33440596.0000"
"3936","MYS","SP.POP.TOTL","2018","32910967.0000"
"3937","MYS","SP.POP.TOTL","2017","32355644.0000"
"3938","MYS","SP.POP.TOTL","2016","31789685.0000"
"3939","MYS","SP.POP.TOTL","2015","31232798.0000"
"3940","MYS","SP.POP.TOTL","2014","30696137.0000"
"3941","MDV","SP.POP.TOTL","2025","529676.0000"
"3942","MDV","SP.POP.TOTL","2024","527799.0000"
"3943","MDV","SP.POP.TOTL","2023","525994.0000"
"3944","MDV","SP.POP.TOTL","2022","524106.0000"
"3945","MDV","SP.POP.TOTL","2021","516154.0000"
"3946","MDV","SP.POP.TOTL","2020","502118.0000"
"3947","MDV","SP.POP.TOTL","2019","487731.0000"
"3948","MDV","SP.POP.TOTL","2018","473099.0000"
"3949","MDV","SP.POP.TOTL","2017","458287.0000"
"3950","MDV","SP.POP.TOTL","2016","443308.0000"
"3951","MDV","SP.POP.TOTL","2015","428154.0000"
"3952","MDV","SP.POP.TOTL","2014","413617.0000"
"3953","MLI","SP.POP.TOTL","2025","25198821.0000"
"3954","MLI","SP.POP.TOTL","2024","24478595.0000"
"3955","MLI","SP.POP.TOTL","2023","23769127.0000"
"3956","MLI","SP.POP.TOTL","2022","23072640.0000"
"3957","MLI","SP.POP.TOTL","2021","22388630.0000"
"3958","MLI","SP.POP.TOTL","2020","21713836.0000"
"3959","MLI","SP.POP.TOTL","2019","21068405.0000"
"3960","MLI","SP.POP.TOTL","2018","20442030.0000"
"3961","MLI","SP.POP.TOTL","2017","19813011.0000"
"3962","MLI","SP.POP.TOTL","2016","19191289.0000"
"3963","MLI","SP.POP.TOTL","2015","18593022.0000"
"3964","MLI","SP.POP.TOTL","2014","18020267.0000"
"3965","MLT","SP.POP.TOTL","2025","579704.0000"
"3966","MLT","SP.POP.TOTL","2024","568847.0000"
"3967","MLT","SP.POP.TOTL","2023","552747.0000"
"3968","MLT","SP.POP.TOTL","2022","531113.0000"
"3969","MLT","SP.POP.TOTL","2021","518150.0000"
"3970","MLT","SP.POP.TOTL","2020","515490.0000"
"3971","MLT","SP.POP.TOTL","2019","503912.0000"
"3972","MLT","SP.POP.TOTL","2018","483903.0000"
"3973","MLT","SP.POP.TOTL","2017","467106.0000"
"3974","MLT","SP.POP.TOTL","2016","454505.0000"
"3975","MLT","SP.POP.TOTL","2015","444220.0000"
"3976","MLT","SP.POP.TOTL","2014","433481.0000"
"3977","MHL","SP.POP.TOTL","2025","36282.0000"
"3978","MHL","SP.POP.TOTL","2024","37548.0000"
"3979","MHL","SP.POP.TOTL","2023","38827.0000"
"3980","MHL","SP.POP.TOTL","2022","40077.0000"
"3981","MHL","SP.POP.TOTL","2021","41367.0000"
"3982","MHL","SP.POP.TOTL","2020","42706.0000"
"3983","MHL","SP.POP.TOTL","2019","44007.0000"
"3984","MHL","SP.POP.TOTL","2018","45285.0000"
"3985","MHL","SP.POP.TOTL","2017","46529.0000"
"3986","MHL","SP.POP.TOTL","2016","47709.0000"
"3987","MHL","SP.POP.TOTL","2015","48800.0000"
"3988","MHL","SP.POP.TOTL","2014","49796.0000"
"3989","MRT","SP.POP.TOTL","2025","5315065.0000"
"3990","MRT","SP.POP.TOTL","2024","5169395.0000"
"3991","MRT","SP.POP.TOTL","2023","5022441.0000"
"3992","MRT","SP.POP.TOTL","2022","4875637.0000"
"3993","MRT","SP.POP.TOTL","2021","4734874.0000"
"3994","MRT","SP.POP.TOTL","2020","4600131.0000"
"3995","MRT","SP.POP.TOTL","2019","4467708.0000"
"3996","MRT","SP.POP.TOTL","2018","4337685.0000"
"3997","MRT","SP.POP.TOTL","2017","4210600.0000"
"3998","MRT","SP.POP.TOTL","2016","4086657.0000"
"3999","MRT","SP.POP.TOTL","2015","3965959.0000"
"4000","MRT","SP.POP.TOTL","2014","3848514.0000"
"4001","MUS","SP.POP.TOTL","2025","1243741.0000"
"4002","MUS","SP.POP.TOTL","2024","1245779.0000"
"4003","MUS","SP.POP.TOTL","2023","1248647.0000"
"4004","MUS","SP.POP.TOTL","2022","1262523.0000"
"4005","MUS","SP.POP.TOTL","2021","1266334.0000"
"4006","MUS","SP.POP.TOTL","2020","1266014.0000"
"4007","MUS","SP.POP.TOTL","2019","1265985.0000"
"4008","MUS","SP.POP.TOTL","2018","1265577.0000"
"4009","MUS","SP.POP.TOTL","2017","1264887.0000"
"4010","MUS","SP.POP.TOTL","2016","1263747.0000"
"4011","MUS","SP.POP.TOTL","2015","1262879.0000"
"4012","MUS","SP.POP.TOTL","2014","1261208.0000"
"4013","MEX","SP.POP.TOTL","2025","131946900.0000"
"4014","MEX","SP.POP.TOTL","2024","130861007.0000"
"4015","MEX","SP.POP.TOTL","2023","129739759.0000"
"4016","MEX","SP.POP.TOTL","2022","128613117.0000"
"4017","MEX","SP.POP.TOTL","2021","127648148.0000"
"4018","MEX","SP.POP.TOTL","2020","126799054.0000"
"4019","MEX","SP.POP.TOTL","2019","125762982.0000"
"4020","MEX","SP.POP.TOTL","2018","124573711.0000"
"4021","MEX","SP.POP.TOTL","2017","123400057.0000"
"4022","MEX","SP.POP.TOTL","2016","122251351.0000"
"4023","MEX","SP.POP.TOTL","2015","121072306.0000"
"4024","MEX","SP.POP.TOTL","2014","119784261.0000"
"4025","FSM","SP.POP.TOTL","2025","113683.0000"
"4026","FSM","SP.POP.TOTL","2024","113160.0000"
"4027","FSM","SP.POP.TOTL","2023","112630.0000"
"4028","FSM","SP.POP.TOTL","2022","112114.0000"
"4029","FSM","SP.POP.TOTL","2021","111624.0000"
"4030","FSM","SP.POP.TOTL","2020","110916.0000"
"4031","FSM","SP.POP.TOTL","2019","110282.0000"
"4032","FSM","SP.POP.TOTL","2018","109909.0000"
"4033","FSM","SP.POP.TOTL","2017","109481.0000"
"4034","FSM","SP.POP.TOTL","2016","109075.0000"
"4035","FSM","SP.POP.TOTL","2015","108716.0000"
"4036","FSM","SP.POP.TOTL","2014","108396.0000"
"4037","MDA","SP.POP.TOTL","2025","2360527.0000"
"4038","MDA","SP.POP.TOTL","2024","2402306.0000"
"4039","MDA","SP.POP.TOTL","2023","2457783.0000"
"4040","MDA","SP.POP.TOTL","2022","2528654.0000"
"4041","MDA","SP.POP.TOTL","2021","2595809.0000"
"4042","MDA","SP.POP.TOTL","2020","2635130.0000"
"4043","MDA","SP.POP.TOTL","2019","2664224.0000"
"4044","MDA","SP.POP.TOTL","2018","2707203.0000"
"4045","MDA","SP.POP.TOTL","2017","2755189.0000"
"4046","MDA","SP.POP.TOTL","2016","2803186.0000"
"4047","MDA","SP.POP.TOTL","2015","2835978.0000"
"4048","MDA","SP.POP.TOTL","2014","2857815.0000"
"4049","MCO","SP.POP.TOTL","2025","38341.0000"
"4050","MCO","SP.POP.TOTL","2024","38631.0000"
"4051","MCO","SP.POP.TOTL","2023","38956.0000"
"4052","MCO","SP.POP.TOTL","2022","38931.0000"
"4053","MCO","SP.POP.TOTL","2021","38527.0000"
"4054","MCO","SP.POP.TOTL","2020","38050.0000"
"4055","MCO","SP.POP.TOTL","2019","38109.0000"
"4056","MCO","SP.POP.TOTL","2018","38154.0000"
"4057","MCO","SP.POP.TOTL","2017","37678.0000"
"4058","MCO","SP.POP.TOTL","2016","37276.0000"
"4059","MCO","SP.POP.TOTL","2015","36757.0000"
"4060","MCO","SP.POP.TOTL","2014","36128.0000"
"4061","MNG","SP.POP.TOTL","2025","3568978.0000"
"4062","MNG","SP.POP.TOTL","2024","3524788.0000"
"4063","MNG","SP.POP.TOTL","2023","3481145.0000"
"4064","MNG","SP.POP.TOTL","2022","3433748.0000"
"4065","MNG","SP.POP.TOTL","2021","3383741.0000"
"4066","MNG","SP.POP.TOTL","2020","3327204.0000"
"4067","MNG","SP.POP.TOTL","2019","3267673.0000"
"4068","MNG","SP.POP.TOTL","2018","3208189.0000"
"4069","MNG","SP.POP.TOTL","2017","3148917.0000"
"4070","MNG","SP.POP.TOTL","2016","3088856.0000"
"4071","MNG","SP.POP.TOTL","2015","3026864.0000"
"4072","MNG","SP.POP.TOTL","2014","2963113.0000"
"4073","MNE","SP.POP.TOTL","2025","623129.0000"
"4074","MNE","SP.POP.TOTL","2024","623525.0000"
"4075","MNE","SP.POP.TOTL","2023","623529.0000"
"4076","MNE","SP.POP.TOTL","2022","623591.0000"
"4077","MNE","SP.POP.TOTL","2021","625053.0000"
"4078","MNE","SP.POP.TOTL","2020","626590.0000"
"4079","MNE","SP.POP.TOTL","2019","626753.0000"
"4080","MNE","SP.POP.TOTL","2018","626438.0000"
"4081","MNE","SP.POP.TOTL","2017","625982.0000"
"4082","MNE","SP.POP.TOTL","2016","625353.0000"
"4083","MNE","SP.POP.TOTL","2015","624651.0000"
"4084","MNE","SP.POP.TOTL","2014","623744.0000"
"4085","MAR","SP.POP.TOTL","2025","38430770.0000"
"4086","MAR","SP.POP.TOTL","2024","38081173.0000"
"4087","MAR","SP.POP.TOTL","2023","37712505.0000"
"4088","MAR","SP.POP.TOTL","2022","37329064.0000"
"4089","MAR","SP.POP.TOTL","2021","36954442.0000"
"4090","MAR","SP.POP.TOTL","2020","36584208.0000"
"4091","MAR","SP.POP.TOTL","2019","36210898.0000"
"4092","MAR","SP.POP.TOTL","2018","35839760.0000"
"4093","MAR","SP.POP.TOTL","2017","35446392.0000"
"4094","MAR","SP.POP.TOTL","2016","35023457.0000"
"4095","MAR","SP.POP.TOTL","2015","34607588.0000"
"4096","MAR","SP.POP.TOTL","2014","34204780.0000"
"4097","MOZ","SP.POP.TOTL","2025","35631653.0000"
"4098","MOZ","SP.POP.TOTL","2024","34631766.0000"
"4099","MOZ","SP.POP.TOTL","2023","33635160.0000"
"4100","MOZ","SP.POP.TOTL","2022","32656246.0000"
"4101","MOZ","SP.POP.TOTL","2021","31707800.0000"
"4102","MOZ","SP.POP.TOTL","2020","30783688.0000"
"4103","MOZ","SP.POP.TOTL","2019","29884380.0000"
"4104","MOZ","SP.POP.TOTL","2018","29018644.0000"
"4105","MOZ","SP.POP.TOTL","2017","28166393.0000"
"4106","MOZ","SP.POP.TOTL","2016","27337105.0000"
"4107","MOZ","SP.POP.TOTL","2015","26547572.0000"
"4108","MOZ","SP.POP.TOTL","2014","25788475.0000"
"4109","MMR","SP.POP.TOTL","2025","54850648.0000"
"4110","MMR","SP.POP.TOTL","2024","54500091.0000"
"4111","MMR","SP.POP.TOTL","2023","54133798.0000"
"4112","MMR","SP.POP.TOTL","2022","53756787.0000"
"4113","MMR","SP.POP.TOTL","2021","53387102.0000"
"4114","MMR","SP.POP.TOTL","2020","53016522.0000"
"4115","MMR","SP.POP.TOTL","2019","52640713.0000"
"4116","MMR","SP.POP.TOTL","2018","52272247.0000"
"4117","MMR","SP.POP.TOTL","2017","51894938.0000"
"4118","MMR","SP.POP.TOTL","2016","51495696.0000"
"4119","MMR","SP.POP.TOTL","2015","51089056.0000"
"4120","MMR","SP.POP.TOTL","2014","50681634.0000"
"4121","NAM","SP.POP.TOTL","2025","3092816.0000"
"4122","NAM","SP.POP.TOTL","2024","3030131.0000"
"4123","NAM","SP.POP.TOTL","2023","2963095.0000"
"4124","NAM","SP.POP.TOTL","2022","2889662.0000"
"4125","NAM","SP.POP.TOTL","2021","2810548.0000"
"4126","NAM","SP.POP.TOTL","2020","2728762.0000"
"4127","NAM","SP.POP.TOTL","2019","2650494.0000"
"4128","NAM","SP.POP.TOTL","2018","2577327.0000"
"4129","NAM","SP.POP.TOTL","2017","2506853.0000"
"4130","NAM","SP.POP.TOTL","2016","2439213.0000"
"4131","NAM","SP.POP.TOTL","2015","2374300.0000"
"4132","NAM","SP.POP.TOTL","2014","2312139.0000"
"4133","NRU","SP.POP.TOTL","2025","12025.0000"
"4134","NRU","SP.POP.TOTL","2024","11947.0000"
"4135","NRU","SP.POP.TOTL","2023","11875.0000"
"4136","NRU","SP.POP.TOTL","2022","11801.0000"
"4137","NRU","SP.POP.TOTL","2021","11709.0000"
"4138","NRU","SP.POP.TOTL","2020","11643.0000"
"4139","NRU","SP.POP.TOTL","2019","11587.0000"
"4140","NRU","SP.POP.TOTL","2018","11477.0000"
"4141","NRU","SP.POP.TOTL","2017","11324.0000"
"4142","NRU","SP.POP.TOTL","2016","11150.0000"
"4143","NRU","SP.POP.TOTL","2015","10954.0000"
"4144","NRU","SP.POP.TOTL","2014","10742.0000"
"4145","NPL","SP.POP.TOTL","2025","29618118.0000"
"4146","NPL","SP.POP.TOTL","2024","29651054.0000"
"4147","NPL","SP.POP.TOTL","2023","29694614.0000"
"4148","NPL","SP.POP.TOTL","2022","29715436.0000"
"4149","NPL","SP.POP.TOTL","2021","29475010.0000"
"4150","NPL","SP.POP.TOTL","2020","28966574.0000"
"4151","NPL","SP.POP.TOTL","2019","28414064.0000"
"4152","NPL","SP.POP.TOTL","2018","28079689.0000"
"4153","NPL","SP.POP.TOTL","2017","28011258.0000"
"4154","NPL","SP.POP.TOTL","2016","27955462.0000"
"4155","NPL","SP.POP.TOTL","2015","27823629.0000"
"4156","NPL","SP.POP.TOTL","2014","27672370.0000"
"4157","NLD","SP.POP.TOTL","2025","18087633.0000"
"4158","NLD","SP.POP.TOTL","2024","17993485.0000"
"4159","NLD","SP.POP.TOTL","2023","17877117.0000"
"4160","NLD","SP.POP.TOTL","2022","17700982.0000"
"4161","NLD","SP.POP.TOTL","2021","17533044.0000"
"4162","NLD","SP.POP.TOTL","2020","17441500.0000"
"4163","NLD","SP.POP.TOTL","2019","17344874.0000"
"4164","NLD","SP.POP.TOTL","2018","17231624.0000"
"4165","NLD","SP.POP.TOTL","2017","17131296.0000"
"4166","NLD","SP.POP.TOTL","2016","17030314.0000"
"4167","NLD","SP.POP.TOTL","2015","16939923.0000"
"4168","NLD","SP.POP.TOTL","2014","16865008.0000"
"4169","NCL","SP.POP.TOTL","2025","295333.0000"
"4170","NCL","SP.POP.TOTL","2024","292639.0000"
"4171","NCL","SP.POP.TOTL","2023","289870.0000"
"4172","NCL","SP.POP.TOTL","2022","287123.0000"
"4173","NCL","SP.POP.TOTL","2021","285214.0000"
"4174","NCL","SP.POP.TOTL","2020","284176.0000"
"4175","NCL","SP.POP.TOTL","2019","283606.0000"
"4176","NCL","SP.POP.TOTL","2018","283541.0000"
"4177","NCL","SP.POP.TOTL","2017","283546.0000"
"4178","NCL","SP.POP.TOTL","2016","283423.0000"
"4179","NCL","SP.POP.TOTL","2015","283168.0000"
"4180","NCL","SP.POP.TOTL","2014","281224.0000"
"4181","NZL","SP.POP.TOTL","2025","5324700.0000"
"4182","NZL","SP.POP.TOTL","2024","5290000.0000"
"4183","NZL","SP.POP.TOTL","2023","5200000.0000"
"4184","NZL","SP.POP.TOTL","2022","5081700.0000"
"4185","NZL","SP.POP.TOTL","2021","5084600.0000"
"4186","NZL","SP.POP.TOTL","2020","5072400.0000"
"4187","NZL","SP.POP.TOTL","2019","4970300.0000"
"4188","NZL","SP.POP.TOTL","2018","4900600.0000"
"4189","NZL","SP.POP.TOTL","2017","4813600.0000"
"4190","NZL","SP.POP.TOTL","2016","4714100.0000"
"4191","NZL","SP.POP.TOTL","2015","4609400.0000"
"4192","NZL","SP.POP.TOTL","2014","4516500.0000"
"4193","NIC","SP.POP.TOTL","2025","7007502.0000"
"4194","NIC","SP.POP.TOTL","2024","6916140.0000"
"4195","NIC","SP.POP.TOTL","2023","6823613.0000"
"4196","NIC","SP.POP.TOTL","2022","6730654.0000"
"4197","NIC","SP.POP.TOTL","2021","6644741.0000"
"4198","NIC","SP.POP.TOTL","2020","6565267.0000"
"4199","NIC","SP.POP.TOTL","2019","6483657.0000"
"4200","NIC","SP.POP.TOTL","2018","6400080.0000"
"4201","NIC","SP.POP.TOTL","2017","6316231.0000"
"4202","NIC","SP.POP.TOTL","2016","6232666.0000"
"4203","NIC","SP.POP.TOTL","2015","6149417.0000"
"4204","NIC","SP.POP.TOTL","2014","6066492.0000"
"4205","NER","SP.POP.TOTL","2025","27917831.0000"
"4206","NER","SP.POP.TOTL","2024","27032412.0000"
"4207","NER","SP.POP.TOTL","2023","26159867.0000"
"4208","NER","SP.POP.TOTL","2022","25311973.0000"
"4209","NER","SP.POP.TOTL","2021","24502140.0000"
"4210","NER","SP.POP.TOTL","2020","23717613.0000"
"4211","NER","SP.POP.TOTL","2019","22947757.0000"
"4212","NER","SP.POP.TOTL","2018","22188069.0000"
"4213","NER","SP.POP.TOTL","2017","21435446.0000"
"4214","NER","SP.POP.TOTL","2016","20685753.0000"
"4215","NER","SP.POP.TOTL","2015","19939498.0000"
"4216","NER","SP.POP.TOTL","2014","19215909.0000"
"4217","NGA","SP.POP.TOTL","2025","237527782.0000"
"4218","NGA","SP.POP.TOTL","2024","232679478.0000"
"4219","NGA","SP.POP.TOTL","2023","227882945.0000"
"4220","NGA","SP.POP.TOTL","2022","223150896.0000"
"4221","NGA","SP.POP.TOTL","2021","218529286.0000"
"4222","NGA","SP.POP.TOTL","2020","213996181.0000"
"4223","NGA","SP.POP.TOTL","2019","209485641.0000"
"4224","NGA","SP.POP.TOTL","2018","204938755.0000"
"4225","NGA","SP.POP.TOTL","2017","200254579.0000"
"4226","NGA","SP.POP.TOTL","2016","195443700.0000"
"4227","NGA","SP.POP.TOTL","2015","190671878.0000"
"4228","NGA","SP.POP.TOTL","2014","185896915.0000"
"4229","MKD","SP.POP.TOTL","2025","1820909.0000"
"4230","MKD","SP.POP.TOTL","2024","1824359.0000"
"4231","MKD","SP.POP.TOTL","2023","1827816.0000"
"4232","MKD","SP.POP.TOTL","2022","1831712.0000"
"4233","MKD","SP.POP.TOTL","2021","1837114.0000"
"4234","MKD","SP.POP.TOTL","2020","1856124.0000"
"4235","MKD","SP.POP.TOTL","2019","1876262.0000"
"4236","MKD","SP.POP.TOTL","2018","1889051.0000"
"4237","MKD","SP.POP.TOTL","2017","1898657.0000"
"4238","MKD","SP.POP.TOTL","2016","1906313.0000"
"4239","MKD","SP.POP.TOTL","2015","1912430.0000"
"4240","MKD","SP.POP.TOTL","2014","1917557.0000"
"4241","MNP","SP.POP.TOTL","2025","43541.0000"
"4242","MNP","SP.POP.TOTL","2024","44278.0000"
"4243","MNP","SP.POP.TOTL","2023","45143.0000"
"4244","MNP","SP.POP.TOTL","2022","46078.0000"
"4245","MNP","SP.POP.TOTL","2021","46979.0000"
"4246","MNP","SP.POP.TOTL","2020","47528.0000"
"4247","MNP","SP.POP.TOTL","2019","48129.0000"
"4248","MNP","SP.POP.TOTL","2018","49077.0000"
"4249","MNP","SP.POP.TOTL","2017","49959.0000"
"4250","MNP","SP.POP.TOTL","2016","50773.0000"
"4251","MNP","SP.POP.TOTL","2015","51514.0000"
"4252","MNP","SP.POP.TOTL","2014","52178.0000"
"4253","NOR","SP.POP.TOTL","2025","5610870.0000"
"4254","NOR","SP.POP.TOTL","2024","5572279.0000"
"4255","NOR","SP.POP.TOTL","2023","5519601.0000"
"4256","NOR","SP.POP.TOTL","2022","5457127.0000"
"4257","NOR","SP.POP.TOTL","2021","5408320.0000"
"4258","NOR","SP.POP.TOTL","2020","5379475.0000"
"4259","NOR","SP.POP.TOTL","2019","5347896.0000"
"4260","NOR","SP.POP.TOTL","2018","5311916.0000"
"4261","NOR","SP.POP.TOTL","2017","5276968.0000"
"4262","NOR","SP.POP.TOTL","2016","5234519.0000"
"4263","NOR","SP.POP.TOTL","2015","5188607.0000"
"4264","NOR","SP.POP.TOTL","2014","5137232.0000"
"4265","OMN","SP.POP.TOTL","2025","5494691.0000"
"4266","OMN","SP.POP.TOTL","2024","5281538.0000"
"4267","OMN","SP.POP.TOTL","2023","5049269.0000"
"4268","OMN","SP.POP.TOTL","2022","4730226.0000"
"4269","OMN","SP.POP.TOTL","2021","4500424.0000"
"4270","OMN","SP.POP.TOTL","2020","4522497.0000"
"4271","OMN","SP.POP.TOTL","2019","4591241.0000"
"4272","OMN","SP.POP.TOTL","2018","4597877.0000"
"4273","OMN","SP.POP.TOTL","2017","4537396.0000"
"4274","OMN","SP.POP.TOTL","2016","4390877.0000"
"4275","OMN","SP.POP.TOTL","2015","4184895.0000"
"4276","OMN","SP.POP.TOTL","2014","4002439.0000"
"4277","PAK","SP.POP.TOTL","2025","255219554.0000"
"4278","PAK","SP.POP.TOTL","2024","251269164.0000"
"4279","PAK","SP.POP.TOTL","2023","247504495.0000"
"4280","PAK","SP.POP.TOTL","2022","243700667.0000"
"4281","PAK","SP.POP.TOTL","2021","239477801.0000"
"4282","PAK","SP.POP.TOTL","2020","235001746.0000"
"4283","PAK","SP.POP.TOTL","2019","230800899.0000"
"4284","PAK","SP.POP.TOTL","2018","226928892.0000"
"4285","PAK","SP.POP.TOTL","2017","223273967.0000"
"4286","PAK","SP.POP.TOTL","2016","220138869.0000"
"4287","PAK","SP.POP.TOTL","2015","217290883.0000"
"4288","PAK","SP.POP.TOTL","2014","214264647.0000"
"4289","PLW","SP.POP.TOTL","2025","17663.0000"
"4290","PLW","SP.POP.TOTL","2024","17695.0000"
"4291","PLW","SP.POP.TOTL","2023","17727.0000"
"4292","PLW","SP.POP.TOTL","2022","17759.0000"
"4293","PLW","SP.POP.TOTL","2021","17783.0000"
"4294","PLW","SP.POP.TOTL","2020","17792.0000"
"4295","PLW","SP.POP.TOTL","2019","17798.0000"
"4296","PLW","SP.POP.TOTL","2018","17814.0000"
"4297","PLW","SP.POP.TOTL","2017","17812.0000"
"4298","PLW","SP.POP.TOTL","2016","17797.0000"
"4299","PLW","SP.POP.TOTL","2015","17770.0000"
"4300","PLW","SP.POP.TOTL","2014","17715.0000"
"4301","PAN","SP.POP.TOTL","2025","4571189.0000"
"4302","PAN","SP.POP.TOTL","2024","4515577.0000"
"4303","PAN","SP.POP.TOTL","2023","4458759.0000"
"4304","PAN","SP.POP.TOTL","2022","4400773.0000"
"4305","PAN","SP.POP.TOTL","2021","4345405.0000"
"4306","PAN","SP.POP.TOTL","2020","4293261.0000"
"4307","PAN","SP.POP.TOTL","2019","4234700.0000"
"4308","PAN","SP.POP.TOTL","2018","4167860.0000"
"4309","PAN","SP.POP.TOTL","2017","4098707.0000"
"4310","PAN","SP.POP.TOTL","2016","4029086.0000"
"4311","PAN","SP.POP.TOTL","2015","3960035.0000"
"4312","PAN","SP.POP.TOTL","2014","3892101.0000"
"4313","PNG","SP.POP.TOTL","2025","10762817.0000"
"4314","PNG","SP.POP.TOTL","2024","10576502.0000"
"4315","PNG","SP.POP.TOTL","2023","10389635.0000"
"4316","PNG","SP.POP.TOTL","2022","10203169.0000"
"4317","PNG","SP.POP.TOTL","2021","10012896.0000"
"4318","PNG","SP.POP.TOTL","2020","9815746.0000"
"4319","PNG","SP.POP.TOTL","2019","9609010.0000"
"4320","PNG","SP.POP.TOTL","2018","9394513.0000"
"4321","PNG","SP.POP.TOTL","2017","9178714.0000"
"4322","PNG","SP.POP.TOTL","2016","8961718.0000"
"4323","PNG","SP.POP.TOTL","2015","8743246.0000"
"4324","PNG","SP.POP.TOTL","2014","8523441.0000"
"4325","PRY","SP.POP.TOTL","2025","7013078.0000"
"4326","PRY","SP.POP.TOTL","2024","6929153.0000"
"4327","PRY","SP.POP.TOTL","2023","6844146.0000"
"4328","PRY","SP.POP.TOTL","2022","6760464.0000"
"4329","PRY","SP.POP.TOTL","2021","6684182.0000"
"4330","PRY","SP.POP.TOTL","2020","6603739.0000"
"4331","PRY","SP.POP.TOTL","2019","6515058.0000"
"4332","PRY","SP.POP.TOTL","2018","6427382.0000"
"4333","PRY","SP.POP.TOTL","2017","6338660.0000"
"4334","PRY","SP.POP.TOTL","2016","6249126.0000"
"4335","PRY","SP.POP.TOTL","2015","6159103.0000"
"4336","PRY","SP.POP.TOTL","2014","6069811.0000"
"4337","PER","SP.POP.TOTL","2025","34576665.0000"
"4338","PER","SP.POP.TOTL","2024","34217848.0000"
"4339","PER","SP.POP.TOTL","2023","33845617.0000"
"4340","PER","SP.POP.TOTL","2022","33475438.0000"
"4341","PER","SP.POP.TOTL","2021","33155882.0000"
"4342","PER","SP.POP.TOTL","2020","32838579.0000"
"4343","PER","SP.POP.TOTL","2019","32449303.0000"
"4344","PER","SP.POP.TOTL","2018","31897584.0000"
"4345","PER","SP.POP.TOTL","2017","31324637.0000"
"4346","PER","SP.POP.TOTL","2016","30866494.0000"
"4347","PER","SP.POP.TOTL","2015","30457600.0000"
"4348","PER","SP.POP.TOTL","2014","30115826.0000"
"4349","PHL","SP.POP.TOTL","2025","116786962.0000"
"4350","PHL","SP.POP.TOTL","2024","115843670.0000"
"4351","PHL","SP.POP.TOTL","2023","114891199.0000"
"4352","PHL","SP.POP.TOTL","2022","113964338.0000"
"4353","PHL","SP.POP.TOTL","2021","113100950.0000"
"4354","PHL","SP.POP.TOTL","2020","112081264.0000"
"4355","PHL","SP.POP.TOTL","2019","110804683.0000"
"4356","PHL","SP.POP.TOTL","2018","109465287.0000"
"4357","PHL","SP.POP.TOTL","2017","108119693.0000"
"4358","PHL","SP.POP.TOTL","2016","106735719.0000"
"4359","PHL","SP.POP.TOTL","2015","105312992.0000"
"4360","PHL","SP.POP.TOTL","2014","103767130.0000"
"4361","POL","SP.POP.TOTL","2025","36435861.0000"
"4362","POL","SP.POP.TOTL","2024","36559233.0000"
"4363","POL","SP.POP.TOTL","2023","36687353.0000"
"4364","POL","SP.POP.TOTL","2022","36821749.0000"
"4365","POL","SP.POP.TOTL","2021","36981559.0000"
"4366","POL","SP.POP.TOTL","2020","37515748.0000"
"4367","POL","SP.POP.TOTL","2019","37965475.0000"
"4368","POL","SP.POP.TOTL","2018","37974750.0000"
"4369","POL","SP.POP.TOTL","2017","37974826.0000"
"4370","POL","SP.POP.TOTL","2016","37970087.0000"
"4371","POL","SP.POP.TOTL","2015","37986412.0000"
"4372","POL","SP.POP.TOTL","2014","38011735.0000"
"4373","PRT","SP.POP.TOTL","2025","10804871.0000"
"4374","PRT","SP.POP.TOTL","2024","10694681.0000"
"4375","PRT","SP.POP.TOTL","2023","10578174.0000"
"4376","PRT","SP.POP.TOTL","2022","10434332.0000"
"4377","PRT","SP.POP.TOTL","2021","10361831.0000"
"4378","PRT","SP.POP.TOTL","2020","10297081.0000"
"4379","PRT","SP.POP.TOTL","2019","10286263.0000"
"4380","PRT","SP.POP.TOTL","2018","10283822.0000"
"4381","PRT","SP.POP.TOTL","2017","10300300.0000"
"4382","PRT","SP.POP.TOTL","2016","10325452.0000"
"4383","PRT","SP.POP.TOTL","2015","10358076.0000"
"4384","PRT","SP.POP.TOTL","2014","10401062.0000"
"4385","PRI","SP.POP.TOTL","2025","3184835.0000"
"4386","PRI","SP.POP.TOTL","2024","3202521.0000"
"4387","PRI","SP.POP.TOTL","2023","3203794.0000"
"4388","PRI","SP.POP.TOTL","2022","3220148.0000"
"4389","PRI","SP.POP.TOTL","2021","3262731.0000"
"4390","PRI","SP.POP.TOTL","2020","3281591.0000"
"4391","PRI","SP.POP.TOTL","2019","3302691.0000"
"4392","PRI","SP.POP.TOTL","2018","3290690.0000"
"4393","PRI","SP.POP.TOTL","2017","3410837.0000"
"4394","PRI","SP.POP.TOTL","2016","3480432.0000"
"4395","PRI","SP.POP.TOTL","2015","3535167.0000"
"4396","PRI","SP.POP.TOTL","2014","3585017.0000"
"4397","QAT","SP.POP.TOTL","2025","2972215.0000"
"4398","QAT","SP.POP.TOTL","2024","2857822.0000"
"4399","QAT","SP.POP.TOTL","2023","2656032.0000"
"4400","QAT","SP.POP.TOTL","2022","2657333.0000"
"4401","QAT","SP.POP.TOTL","2021","2504910.0000"
"4402","QAT","SP.POP.TOTL","2020","2794148.0000"
"4403","QAT","SP.POP.TOTL","2019","2638657.0000"
"4404","QAT","SP.POP.TOTL","2018","2580734.0000"
"4405","QAT","SP.POP.TOTL","2017","2545820.0000"
"4406","QAT","SP.POP.TOTL","2016","2477113.0000"
"4407","QAT","SP.POP.TOTL","2015","2344557.0000"
"4408","QAT","SP.POP.TOTL","2014","2151745.0000"
"4409","ROU","SP.POP.TOTL","2025","19020271.0000"
"4410","ROU","SP.POP.TOTL","2024","19051804.0000"
"4411","ROU","SP.POP.TOTL","2023","19061062.0000"
"4412","ROU","SP.POP.TOTL","2022","19048502.0000"
"4413","ROU","SP.POP.TOTL","2021","19122059.0000"
"4414","ROU","SP.POP.TOTL","2020","19265250.0000"
"4415","ROU","SP.POP.TOTL","2019","19371648.0000"
"4416","ROU","SP.POP.TOTL","2018","19473970.0000"
"4417","ROU","SP.POP.TOTL","2017","19588715.0000"
"4418","ROU","SP.POP.TOTL","2016","19702267.0000"
"4419","ROU","SP.POP.TOTL","2015","19815616.0000"
"4420","ROU","SP.POP.TOTL","2014","19908979.0000"
"4421","RUS","SP.POP.TOTL","2025","143513328.0000"
"4422","RUS","SP.POP.TOTL","2024","143669648.0000"
"4423","RUS","SP.POP.TOTL","2023","143826130.0000"
"4424","RUS","SP.POP.TOTL","2022","144236933.0000"
"4425","RUS","SP.POP.TOTL","2021","144746762.0000"
"4426","RUS","SP.POP.TOTL","2020","145245148.0000"
"4427","RUS","SP.POP.TOTL","2019","145453291.0000"
"4428","RUS","SP.POP.TOTL","2018","145398106.0000"
"4429","RUS","SP.POP.TOTL","2017","145293260.0000"
"4430","RUS","SP.POP.TOTL","2016","145015460.0000"
"4431","RUS","SP.POP.TOTL","2015","144640716.0000"
"4432","RUS","SP.POP.TOTL","2014","144237223.0000"
"4433","RWA","SP.POP.TOTL","2025","14569341.0000"
"4434","RWA","SP.POP.TOTL","2024","14256567.0000"
"4435","RWA","SP.POP.TOTL","2023","13954471.0000"
"4436","RWA","SP.POP.TOTL","2022","13651030.0000"
"4437","RWA","SP.POP.TOTL","2021","13355260.0000"
"4438","RWA","SP.POP.TOTL","2020","13065837.0000"
"4439","RWA","SP.POP.TOTL","2019","12776103.0000"
"4440","RWA","SP.POP.TOTL","2018","12487996.0000"
"4441","RWA","SP.POP.TOTL","2017","12202060.0000"
"4442","RWA","SP.POP.TOTL","2016","11919183.0000"
"4443","RWA","SP.POP.TOTL","2015","11640022.0000"
"4444","RWA","SP.POP.TOTL","2014","11364757.0000"
"4445","WSM","SP.POP.TOTL","2025","219306.0000"
"4446","WSM","SP.POP.TOTL","2024","218019.0000"
"4447","WSM","SP.POP.TOTL","2023","216663.0000"
"4448","WSM","SP.POP.TOTL","2022","215261.0000"
"4449","WSM","SP.POP.TOTL","2021","213779.0000"
"4450","WSM","SP.POP.TOTL","2020","211944.0000"
"4451","WSM","SP.POP.TOTL","2019","209780.0000"
"4452","WSM","SP.POP.TOTL","2018","207582.0000"
"4453","WSM","SP.POP.TOTL","2017","205415.0000"
"4454","WSM","SP.POP.TOTL","2016","203499.0000"
"4455","WSM","SP.POP.TOTL","2015","201782.0000"
"4456","WSM","SP.POP.TOTL","2014","200037.0000"
"4457","SMR","SP.POP.TOTL","2025","34109.0000"
"4458","SMR","SP.POP.TOTL","2024","33977.0000"
"4459","SMR","SP.POP.TOTL","2023","33860.0000"
"4460","SMR","SP.POP.TOTL","2022","33755.0000"
"4461","SMR","SP.POP.TOTL","2021","34252.0000"
"4462","SMR","SP.POP.TOTL","2020","34770.0000"
"4463","SMR","SP.POP.TOTL","2019","34663.0000"
"4464","SMR","SP.POP.TOTL","2018","34522.0000"
"4465","SMR","SP.POP.TOTL","2017","33825.0000"
"4466","SMR","SP.POP.TOTL","2016","33101.0000"
"4467","SMR","SP.POP.TOTL","2015","32897.0000"
"4468","SMR","SP.POP.TOTL","2014","32655.0000"
"4469","STP","SP.POP.TOTL","2025","240254.0000"
"4470","STP","SP.POP.TOTL","2024","235536.0000"
"4471","STP","SP.POP.TOTL","2023","230871.0000"
"4472","STP","SP.POP.TOTL","2022","226305.0000"
"4473","STP","SP.POP.TOTL","2021","221961.0000"
"4474","STP","SP.POP.TOTL","2020","217435.0000"
"4475","STP","SP.POP.TOTL","2019","213392.0000"
"4476","STP","SP.POP.TOTL","2018","210187.0000"
"4477","STP","SP.POP.TOTL","2017","206970.0000"
"4478","STP","SP.POP.TOTL","2016","203689.0000"
"4479","STP","SP.POP.TOTL","2015","200291.0000"
"4480","STP","SP.POP.TOTL","2014","196767.0000"
"4481","SAU","SP.POP.TOTL","2025","36973555.0000"
"4482","SAU","SP.POP.TOTL","2024","35300280.0000"
"4483","SAU","SP.POP.TOTL","2023","33702731.0000"
"4484","SAU","SP.POP.TOTL","2022","32175224.0000"
"4485","SAU","SP.POP.TOTL","2021","30784383.0000"
"4486","SAU","SP.POP.TOTL","2020","31552510.0000"
"4487","SAU","SP.POP.TOTL","2019","30063799.0000"
"4488","SAU","SP.POP.TOTL","2018","30196281.0000"
"4489","SAU","SP.POP.TOTL","2017","30977355.0000"
"4490","SAU","SP.POP.TOTL","2016","30954198.0000"
"4491","SAU","SP.POP.TOTL","2015","29816382.0000"
"4492","SAU","SP.POP.TOTL","2014","28309273.0000"
"4493","SEN","SP.POP.TOTL","2025","18931966.0000"
"4494","SEN","SP.POP.TOTL","2024","18501984.0000"
"4495","SEN","SP.POP.TOTL","2023","18077573.0000"
"4496","SEN","SP.POP.TOTL","2022","17651103.0000"
"4497","SEN","SP.POP.TOTL","2021","17220867.0000"
"4498","SEN","SP.POP.TOTL","2020","16789219.0000"
"4499","SEN","SP.POP.TOTL","2019","16352922.0000"
"4500","SEN","SP.POP.TOTL","2018","15914498.0000"
"4501","SEN","SP.POP.TOTL","2017","15475002.0000"
"4502","SEN","SP.POP.TOTL","2016","15034521.0000"
"4503","SEN","SP.POP.TOTL","2015","14593331.0000"
"4504","SEN","SP.POP.TOTL","2014","14152102.0000"
"4505","SRB","SP.POP.TOTL","2025","6549143.0000"
"4506","SRB","SP.POP.TOTL","2024","6586476.0000"
"4507","SRB","SP.POP.TOTL","2023","6623183.0000"
"4508","SRB","SP.POP.TOTL","2022","6664449.0000"
"4509","SRB","SP.POP.TOTL","2021","6834326.0000"
"4510","SRB","SP.POP.TOTL","2020","6899126.0000"
"4511","SRB","SP.POP.TOTL","2019","6945235.0000"
"4512","SRB","SP.POP.TOTL","2018","6982604.0000"
"4513","SRB","SP.POP.TOTL","2017","7020858.0000"
"4514","SRB","SP.POP.TOTL","2016","7058322.0000"
"4515","SRB","SP.POP.TOTL","2015","7095383.0000"
"4516","SRB","SP.POP.TOTL","2014","7131787.0000"
"4517","SYC","SP.POP.TOTL","2025","122730.0000"
"4518","SYC","SP.POP.TOTL","2024","121354.0000"
"4519","SYC","SP.POP.TOTL","2023","119773.0000"
"4520","SYC","SP.POP.TOTL","2022","119878.0000"
"4521","SYC","SP.POP.TOTL","2021","99258.0000"
"4522","SYC","SP.POP.TOTL","2020","98462.0000"
"4523","SYC","SP.POP.TOTL","2019","97625.0000"
"4524","SYC","SP.POP.TOTL","2018","96762.0000"
"4525","SYC","SP.POP.TOTL","2017","95843.0000"
"4526","SYC","SP.POP.TOTL","2016","94677.0000"
"4527","SYC","SP.POP.TOTL","2015","93419.0000"
"4528","SYC","SP.POP.TOTL","2014","91359.0000"
"4529","SLE","SP.POP.TOTL","2025","8819794.0000"
"4530","SLE","SP.POP.TOTL","2024","8642022.0000"
"4531","SLE","SP.POP.TOTL","2023","8460512.0000"
"4532","SLE","SP.POP.TOTL","2022","8276807.0000"
"4533","SLE","SP.POP.TOTL","2021","8094602.0000"
"4534","SLE","SP.POP.TOTL","2020","7912558.0000"
"4535","SLE","SP.POP.TOTL","2019","7731991.0000"
"4536","SLE","SP.POP.TOTL","2018","7554563.0000"
"4537","SLE","SP.POP.TOTL","2017","7379299.0000"
"4538","SLE","SP.POP.TOTL","2016","7205328.0000"
"4539","SLE","SP.POP.TOTL","2015","7037655.0000"
"4540","SLE","SP.POP.TOTL","2014","6876385.0000"
"4541","SGP","SP.POP.TOTL","2025","6111175.0000"
"4542","SGP","SP.POP.TOTL","2024","6036860.0000"
"4543","SGP","SP.POP.TOTL","2023","5917648.0000"
"4544","SGP","SP.POP.TOTL","2022","5637022.0000"
"4545","SGP","SP.POP.TOTL","2021","5453566.0000"
"4546","SGP","SP.POP.TOTL","2020","5685807.0000"
"4547","SGP","SP.POP.TOTL","2019","5703569.0000"
"4548","SGP","SP.POP.TOTL","2018","5638676.0000"
"4549","SGP","SP.POP.TOTL","2017","5612253.0000"
"4550","SGP","SP.POP.TOTL","2016","5607283.0000"
"4551","SGP","SP.POP.TOTL","2015","5535002.0000"
"4552","SGP","SP.POP.TOTL","2014","5469724.0000"
"4553","SXM","SP.POP.TOTL","2025","43923.0000"
"4554","SXM","SP.POP.TOTL","2024","43350.0000"
"4555","SXM","SP.POP.TOTL","2023","42749.0000"
"4556","SXM","SP.POP.TOTL","2022","42139.0000"
"4557","SXM","SP.POP.TOTL","2021","41571.0000"
"4558","SXM","SP.POP.TOTL","2020","41008.0000"
"4559","SXM","SP.POP.TOTL","2019","40385.0000"
"4560","SXM","SP.POP.TOTL","2018","39712.0000"
"4561","SXM","SP.POP.TOTL","2017","38996.0000"
"4562","SXM","SP.POP.TOTL","2016","38249.0000"
"4563","SXM","SP.POP.TOTL","2015","37471.0000"
"4564","SXM","SP.POP.TOTL","2014","36672.0000"
"4565","SVK","SP.POP.TOTL","2025","5413813.0000"
"4566","SVK","SP.POP.TOTL","2024","5422069.0000"
"4567","SVK","SP.POP.TOTL","2023","5426740.0000"
"4568","SVK","SP.POP.TOTL","2022","5431752.0000"
"4569","SVK","SP.POP.TOTL","2021","5447247.0000"
"4570","SVK","SP.POP.TOTL","2020","5458827.0000"
"4571","SVK","SP.POP.TOTL","2019","5454147.0000"
"4572","SVK","SP.POP.TOTL","2018","5446771.0000"
"4573","SVK","SP.POP.TOTL","2017","5439232.0000"
"4574","SVK","SP.POP.TOTL","2016","5430798.0000"
"4575","SVK","SP.POP.TOTL","2015","5423801.0000"
"4576","SVK","SP.POP.TOTL","2014","5418649.0000"
"4577","SVN","SP.POP.TOTL","2025","2130986.0000"
"4578","SVN","SP.POP.TOTL","2024","2127400.0000"
"4579","SVN","SP.POP.TOTL","2023","2120461.0000"
"4580","SVN","SP.POP.TOTL","2022","2112076.0000"
"4581","SVN","SP.POP.TOTL","2021","2108079.0000"
"4582","SVN","SP.POP.TOTL","2020","2102419.0000"
"4583","SVN","SP.POP.TOTL","2019","2088385.0000"
"4584","SVN","SP.POP.TOTL","2018","2073894.0000"
"4585","SVN","SP.POP.TOTL","2017","2066388.0000"
"4586","SVN","SP.POP.TOTL","2016","2065042.0000"
"4587","SVN","SP.POP.TOTL","2015","2063531.0000"
"4588","SVN","SP.POP.TOTL","2014","2061980.0000"
"4589","SLB","SP.POP.TOTL","2025","838645.0000"
"4590","SLB","SP.POP.TOTL","2024","819198.0000"
"4591","SLB","SP.POP.TOTL","2023","800005.0000"
"4592","SLB","SP.POP.TOTL","2022","781066.0000"
"4593","SLB","SP.POP.TOTL","2021","762591.0000"
"4594","SLB","SP.POP.TOTL","2020","744498.0000"
"4595","SLB","SP.POP.TOTL","2019","728147.0000"
"4596","SLB","SP.POP.TOTL","2018","709101.0000"
"4597","SLB","SP.POP.TOTL","2017","685672.0000"
"4598","SLB","SP.POP.TOTL","2016","662379.0000"
"4599","SLB","SP.POP.TOTL","2015","639415.0000"
"4600","SLB","SP.POP.TOTL","2014","616908.0000"
"4601","SOM","SP.POP.TOTL","2025","19654739.0000"
"4602","SOM","SP.POP.TOTL","2024","19009151.0000"
"4603","SOM","SP.POP.TOTL","2023","18358615.0000"
"4604","SOM","SP.POP.TOTL","2022","17801897.0000"
"4605","SOM","SP.POP.TOTL","2021","17271431.0000"
"4606","SOM","SP.POP.TOTL","2020","16651191.0000"
"4607","SOM","SP.POP.TOTL","2019","16030971.0000"
"4608","SOM","SP.POP.TOTL","2018","15452487.0000"
"4609","SOM","SP.POP.TOTL","2017","14916629.0000"
"4610","SOM","SP.POP.TOTL","2016","14348740.0000"
"4611","SOM","SP.POP.TOTL","2015","13806963.0000"
"4612","SOM","SP.POP.TOTL","2014","13339491.0000"
"4613","ZAF","SP.POP.TOTL","2025","64747319.0000"
"4614","ZAF","SP.POP.TOTL","2024","64007187.0000"
"4615","ZAF","SP.POP.TOTL","2023","63212384.0000"
"4616","ZAF","SP.POP.TOTL","2022","62378410.0000"
"4617","ZAF","SP.POP.TOTL","2021","61502603.0000"
"4618","ZAF","SP.POP.TOTL","2020","60562381.0000"
"4619","ZAF","SP.POP.TOTL","2019","59587885.0000"
"4620","ZAF","SP.POP.TOTL","2018","58613001.0000"
"4621","ZAF","SP.POP.TOTL","2017","57635162.0000"
"4622","ZAF","SP.POP.TOTL","2016","57259551.0000"
"4623","ZAF","SP.POP.TOTL","2015","56723537.0000"
"4624","ZAF","SP.POP.TOTL","2014","55594838.0000"
"4625","SSD","SP.POP.TOTL","2025","12188788.0000"
"4626","SSD","SP.POP.TOTL","2024","11943408.0000"
"4627","SSD","SP.POP.TOTL","2023","11483374.0000"
"4628","SSD","SP.POP.TOTL","2022","11021177.0000"
"4629","SSD","SP.POP.TOTL","2021","10865780.0000"
"4630","SSD","SP.POP.TOTL","2020","10698467.0000"
"4631","SSD","SP.POP.TOTL","2019","10423384.0000"
"4632","SSD","SP.POP.TOTL","2018","10122977.0000"
"4633","SSD","SP.POP.TOTL","2017","10259154.0000"
"4634","SSD","SP.POP.TOTL","2016","10830102.0000"
"4635","SSD","SP.POP.TOTL","2015","11107561.0000"
"4636","SSD","SP.POP.TOTL","2014","11235073.0000"
"4637","ESP","SP.POP.TOTL","2025","49355143.0000"
"4638","ESP","SP.POP.TOTL","2024","48848840.0000"
"4639","ESP","SP.POP.TOTL","2023","48352528.0000"
"4640","ESP","SP.POP.TOTL","2022","47786102.0000"
"4641","ESP","SP.POP.TOTL","2021","47443821.0000"
"4642","ESP","SP.POP.TOTL","2020","47359424.0000"
"4643","ESP","SP.POP.TOTL","2019","47118501.0000"
"4644","ESP","SP.POP.TOTL","2018","46782011.0000"
"4645","ESP","SP.POP.TOTL","2017","46571232.0000"
"4646","ESP","SP.POP.TOTL","2016","46458139.0000"
"4647","ESP","SP.POP.TOTL","2015","46422303.0000"
"4648","ESP","SP.POP.TOTL","2014","46460733.0000"
"4649","LKA","SP.POP.TOTL","2025","21756000.0000"
"4650","LKA","SP.POP.TOTL","2024","21916000.0000"
"4651","LKA","SP.POP.TOTL","2023","22037000.0000"
"4652","LKA","SP.POP.TOTL","2022","22181000.0000"
"4653","LKA","SP.POP.TOTL","2021","22156000.0000"
"4654","LKA","SP.POP.TOTL","2020","21919000.0000"
"4655","LKA","SP.POP.TOTL","2019","21803000.0000"
"4656","LKA","SP.POP.TOTL","2018","21670000.0000"
"4657","LKA","SP.POP.TOTL","2017","21453000.0000"
"4658","LKA","SP.POP.TOTL","2016","21209000.0000"
"4659","LKA","SP.POP.TOTL","2015","20970000.0000"
"4660","LKA","SP.POP.TOTL","2014","20778000.0000"
"4661","KNA","SP.POP.TOTL","2025","46922.0000"
"4662","KNA","SP.POP.TOTL","2024","46843.0000"
"4663","KNA","SP.POP.TOTL","2023","46758.0000"
"4664","KNA","SP.POP.TOTL","2022","46709.0000"
"4665","KNA","SP.POP.TOTL","2021","46763.0000"
"4666","KNA","SP.POP.TOTL","2020","46870.0000"
"4667","KNA","SP.POP.TOTL","2019","46952.0000"
"4668","KNA","SP.POP.TOTL","2018","47008.0000"
"4669","KNA","SP.POP.TOTL","2017","47050.0000"
"4670","KNA","SP.POP.TOTL","2016","47075.0000"
"4671","KNA","SP.POP.TOTL","2015","47087.0000"
"4672","KNA","SP.POP.TOTL","2014","47089.0000"
"4673","LCA","SP.POP.TOTL","2025","180149.0000"
"4674","LCA","SP.POP.TOTL","2024","179744.0000"
"4675","LCA","SP.POP.TOTL","2023","179285.0000"
"4676","LCA","SP.POP.TOTL","2022","178781.0000"
"4677","LCA","SP.POP.TOTL","2021","178522.0000"
"4678","LCA","SP.POP.TOTL","2020","178250.0000"
"4679","LCA","SP.POP.TOTL","2019","177661.0000"
"4680","LCA","SP.POP.TOTL","2018","177017.0000"
"4681","LCA","SP.POP.TOTL","2017","176342.0000"
"4682","LCA","SP.POP.TOTL","2016","175646.0000"
"4683","LCA","SP.POP.TOTL","2015","174905.0000"
"4684","LCA","SP.POP.TOTL","2014","174138.0000"
"4685","MAF","SP.POP.TOTL","2025","24941.0000"
"4686","MAF","SP.POP.TOTL","2024","26129.0000"
"4687","MAF","SP.POP.TOTL","2023","27515.0000"
"4688","MAF","SP.POP.TOTL","2022","28870.0000"
"4689","MAF","SP.POP.TOTL","2021","29961.0000"
"4690","MAF","SP.POP.TOTL","2020","31786.0000"
"4691","MAF","SP.POP.TOTL","2019","34267.0000"
"4692","MAF","SP.POP.TOTL","2018","36012.0000"
"4693","MAF","SP.POP.TOTL","2017","36837.0000"
"4694","MAF","SP.POP.TOTL","2016","37175.0000"
"4695","MAF","SP.POP.TOTL","2015","37369.0000"
"4696","MAF","SP.POP.TOTL","2014","37450.0000"
"4697","VCT","SP.POP.TOTL","2025","99924.0000"
"4698","VCT","SP.POP.TOTL","2024","100616.0000"
"4699","VCT","SP.POP.TOTL","2023","101323.0000"
"4700","VCT","SP.POP.TOTL","2022","102046.0000"
"4701","VCT","SP.POP.TOTL","2021","102841.0000"
"4702","VCT","SP.POP.TOTL","2020","103526.0000"
"4703","VCT","SP.POP.TOTL","2019","104167.0000"
"4704","VCT","SP.POP.TOTL","2018","104926.0000"
"4705","VCT","SP.POP.TOTL","2017","105663.0000"
"4706","VCT","SP.POP.TOTL","2016","106349.0000"
"4707","VCT","SP.POP.TOTL","2015","106960.0000"
"4708","VCT","SP.POP.TOTL","2014","107535.0000"
"4709","SDN","SP.POP.TOTL","2025","51662147.0000"
"4710","SDN","SP.POP.TOTL","2024","50448963.0000"
"4711","SDN","SP.POP.TOTL","2023","50042791.0000"
"4712","SDN","SP.POP.TOTL","2022","49383346.0000"
"4713","SDN","SP.POP.TOTL","2021","48066924.0000"
"4714","SDN","SP.POP.TOTL","2020","46789231.0000"
"4715","SDN","SP.POP.TOTL","2019","45548175.0000"
"4716","SDN","SP.POP.TOTL","2018","44230596.0000"
"4717","SDN","SP.POP.TOTL","2017","42714306.0000"
"4718","SDN","SP.POP.TOTL","2016","41259892.0000"
"4719","SDN","SP.POP.TOTL","2015","40024431.0000"
"4720","SDN","SP.POP.TOTL","2014","38823318.0000"
"4721","SUR","SP.POP.TOTL","2025","639850.0000"
"4722","SUR","SP.POP.TOTL","2024","634431.0000"
"4723","SUR","SP.POP.TOTL","2023","628886.0000"
"4724","SUR","SP.POP.TOTL","2022","623164.0000"
"4725","SUR","SP.POP.TOTL","2021","617896.0000"
"4726","SUR","SP.POP.TOTL","2020","612317.0000"
"4727","SUR","SP.POP.TOTL","2019","605768.0000"
"4728","SUR","SP.POP.TOTL","2018","599513.0000"
"4729","SUR","SP.POP.TOTL","2017","593713.0000"
"4730","SUR","SP.POP.TOTL","2016","587757.0000"
"4731","SUR","SP.POP.TOTL","2015","581627.0000"
"4732","SUR","SP.POP.TOTL","2014","575373.0000"
"4733","SWE","SP.POP.TOTL","2025","10596620.0000"
"4734","SWE","SP.POP.TOTL","2024","10569709.0000"
"4735","SWE","SP.POP.TOTL","2023","10536632.0000"
"4736","SWE","SP.POP.TOTL","2022","10486941.0000"
"4737","SWE","SP.POP.TOTL","2021","10415811.0000"
"4738","SWE","SP.POP.TOTL","2020","10353442.0000"
"4739","SWE","SP.POP.TOTL","2019","10278887.0000"
"4740","SWE","SP.POP.TOTL","2018","10175214.0000"
"4741","SWE","SP.POP.TOTL","2017","10057698.0000"
"4742","SWE","SP.POP.TOTL","2016","9923085.0000"
"4743","SWE","SP.POP.TOTL","2015","9799186.0000"
"4744","SWE","SP.POP.TOTL","2014","9696110.0000"
"4745","CHE","SP.POP.TOTL","2025","9092436.0000"
"4746","CHE","SP.POP.TOTL","2024","9005582.0000"
"4747","CHE","SP.POP.TOTL","2023","8888822.0000"
"4748","CHE","SP.POP.TOTL","2022","8777088.0000"
"4749","CHE","SP.POP.TOTL","2021","8704546.0000"
"4750","CHE","SP.POP.TOTL","2020","8638167.0000"
"4751","CHE","SP.POP.TOTL","2019","8575280.0000"
"4752","CHE","SP.POP.TOTL","2018","8514329.0000"
"4753","CHE","SP.POP.TOTL","2017","8451840.0000"
"4754","CHE","SP.POP.TOTL","2016","8373338.0000"
"4755","CHE","SP.POP.TOTL","2015","8282396.0000"
"4756","CHE","SP.POP.TOTL","2014","8188649.0000"
"4757","SYR","SP.POP.TOTL","2025","25620427.0000"
"4758","SYR","SP.POP.TOTL","2024","24672760.0000"
"4759","SYR","SP.POP.TOTL","2023","23594623.0000"
"4760","SYR","SP.POP.TOTL","2022","22462173.0000"
"4761","SYR","SP.POP.TOTL","2021","21628839.0000"
"4762","SYR","SP.POP.TOTL","2020","21049429.0000"
"4763","SYR","SP.POP.TOTL","2019","20353534.0000"
"4764","SYR","SP.POP.TOTL","2018","19577845.0000"
"4765","SYR","SP.POP.TOTL","2017","19224668.0000"
"4766","SYR","SP.POP.TOTL","2016","19193834.0000"
"4767","SYR","SP.POP.TOTL","2015","19424618.0000"
"4768","SYR","SP.POP.TOTL","2014","20273659.0000"
"4769","TJK","SP.POP.TOTL","2025","10786734.0000"
"4770","TJK","SP.POP.TOTL","2024","10590927.0000"
"4771","TJK","SP.POP.TOTL","2023","10389799.0000"
"4772","TJK","SP.POP.TOTL","2022","10182222.0000"
"4773","TJK","SP.POP.TOTL","2021","9966908.0000"
"4774","TJK","SP.POP.TOTL","2020","9749310.0000"
"4775","TJK","SP.POP.TOTL","2019","9529966.0000"
"4776","TJK","SP.POP.TOTL","2018","9307333.0000"
"4777","TJK","SP.POP.TOTL","2017","9085946.0000"
"4778","TJK","SP.POP.TOTL","2016","8865631.0000"
"4779","TJK","SP.POP.TOTL","2015","8643840.0000"
"4780","TJK","SP.POP.TOTL","2014","8425552.0000"
"4781","TZA","SP.POP.TOTL","2025","70545865.0000"
"4782","TZA","SP.POP.TOTL","2024","68560157.0000"
"4783","TZA","SP.POP.TOTL","2023","66617606.0000"
"4784","TZA","SP.POP.TOTL","2022","64711821.0000"
"4785","TZA","SP.POP.TOTL","2021","62830412.0000"
"4786","TZA","SP.POP.TOTL","2020","60972798.0000"
"4787","TZA","SP.POP.TOTL","2019","59174891.0000"
"4788","TZA","SP.POP.TOTL","2018","57437145.0000"
"4789","TZA","SP.POP.TOTL","2017","55652890.0000"
"4790","TZA","SP.POP.TOTL","2016","53824013.0000"
"4791","TZA","SP.POP.TOTL","2015","52020962.0000"
"4792","TZA","SP.POP.TOTL","2014","50351512.0000"
"4793","THA","SP.POP.TOTL","2025","71619863.0000"
"4794","THA","SP.POP.TOTL","2024","71668011.0000"
"4795","THA","SP.POP.TOTL","2023","71702435.0000"
"4796","THA","SP.POP.TOTL","2022","71735329.0000"
"4797","THA","SP.POP.TOTL","2021","71727332.0000"
"4798","THA","SP.POP.TOTL","2020","71641484.0000"
"4799","THA","SP.POP.TOTL","2019","71522271.0000"
"4800","THA","SP.POP.TOTL","2018","71376079.0000"
"4801","THA","SP.POP.TOTL","2017","71160187.0000"
"4802","THA","SP.POP.TOTL","2016","70859841.0000"
"4803","THA","SP.POP.TOTL","2015","70540795.0000"
"4804","THA","SP.POP.TOTL","2014","70216367.0000"
"4805","TLS","SP.POP.TOTL","2025","1418517.0000"
"4806","TLS","SP.POP.TOTL","2024","1400638.0000"
"4807","TLS","SP.POP.TOTL","2023","1384286.0000"
"4808","TLS","SP.POP.TOTL","2022","1369295.0000"
"4809","TLS","SP.POP.TOTL","2021","1350139.0000"
"4810","TLS","SP.POP.TOTL","2020","1326053.0000"
"4811","TLS","SP.POP.TOTL","2019","1300945.0000"
"4812","TLS","SP.POP.TOTL","2018","1275959.0000"
"4813","TLS","SP.POP.TOTL","2017","1251703.0000"
"4814","TLS","SP.POP.TOTL","2016","1228312.0000"
"4815","TLS","SP.POP.TOTL","2015","1205131.0000"
"4816","TLS","SP.POP.TOTL","2014","1181903.0000"
"4817","TGO","SP.POP.TOTL","2025","8591626.0000"
"4818","TGO","SP.POP.TOTL","2024","8406558.0000"
"4819","TGO","SP.POP.TOTL","2023","8223850.0000"
"4820","TGO","SP.POP.TOTL","2022","8068616.0000"
"4821","TGO","SP.POP.TOTL","2021","7936176.0000"
"4822","TGO","SP.POP.TOTL","2020","7788054.0000"
"4823","TGO","SP.POP.TOTL","2019","7619925.0000"
"4824","TGO","SP.POP.TOTL","2018","7458206.0000"
"4825","TGO","SP.POP.TOTL","2017","7324386.0000"
"4826","TGO","SP.POP.TOTL","2016","7200884.0000"
"4827","TGO","SP.POP.TOTL","2015","7071502.0000"
"4828","TGO","SP.POP.TOTL","2014","6937644.0000"
"4829","TON","SP.POP.TOTL","2025","103742.0000"
"4830","TON","SP.POP.TOTL","2024","104175.0000"
"4831","TON","SP.POP.TOTL","2023","104597.0000"
"4832","TON","SP.POP.TOTL","2022","105042.0000"
"4833","TON","SP.POP.TOTL","2021","105490.0000"
"4834","TON","SP.POP.TOTL","2020","105704.0000"
"4835","TON","SP.POP.TOTL","2019","105669.0000"
"4836","TON","SP.POP.TOTL","2018","105567.0000"
"4837","TON","SP.POP.TOTL","2017","105356.0000"
"4838","TON","SP.POP.TOTL","2016","105524.0000"
"4839","TON","SP.POP.TOTL","2015","106095.0000"
"4840","TON","SP.POP.TOTL","2014","106609.0000"
"4841","TTO","SP.POP.TOTL","2025","1367764.0000"
"4842","TTO","SP.POP.TOTL","2024","1368333.0000"
"4843","TTO","SP.POP.TOTL","2023","1367510.0000"
"4844","TTO","SP.POP.TOTL","2022","1365805.0000"
"4845","TTO","SP.POP.TOTL","2021","1367558.0000"
"4846","TTO","SP.POP.TOTL","2020","1366725.0000"
"4847","TTO","SP.POP.TOTL","2019","1363985.0000"
"4848","TTO","SP.POP.TOTL","2018","1359193.0000"
"4849","TTO","SP.POP.TOTL","2017","1356633.0000"
"4850","TTO","SP.POP.TOTL","2016","1353895.0000"
"4851","TTO","SP.POP.TOTL","2015","1349667.0000"
"4852","TTO","SP.POP.TOTL","2014","1345343.0000"
"4853","TUN","SP.POP.TOTL","2025","12348573.0000"
"4854","TUN","SP.POP.TOTL","2024","12277109.0000"
"4855","TUN","SP.POP.TOTL","2023","12200431.0000"
"4856","TUN","SP.POP.TOTL","2022","12119334.0000"
"4857","TUN","SP.POP.TOTL","2021","12048622.0000"
"4858","TUN","SP.POP.TOTL","2020","11974057.0000"
"4859","TUN","SP.POP.TOTL","2019","11875081.0000"
"4860","TUN","SP.POP.TOTL","2018","11765514.0000"
"4861","TUN","SP.POP.TOTL","2017","11650498.0000"
"4862","TUN","SP.POP.TOTL","2016","11528674.0000"
"4863","TUN","SP.POP.TOTL","2015","11402264.0000"
"4864","TUN","SP.POP.TOTL","2014","11274288.0000"
"4865","TUR","SP.POP.TOTL","2025","85878556.0000"
"4866","TUR","SP.POP.TOTL","2024","85518661.0000"
"4867","TUR","SP.POP.TOTL","2023","85325965.0000"
"4868","TUR","SP.POP.TOTL","2022","84979913.0000"
"4869","TUR","SP.POP.TOTL","2021","84147318.0000"
"4870","TUR","SP.POP.TOTL","2020","83384680.0000"
"4871","TUR","SP.POP.TOTL","2019","82579440.0000"
"4872","TUR","SP.POP.TOTL","2018","81407204.0000"
"4873","TUR","SP.POP.TOTL","2017","80312698.0000"
"4874","TUR","SP.POP.TOTL","2016","79277962.0000"
"4875","TUR","SP.POP.TOTL","2015","78218479.0000"
"4876","TUR","SP.POP.TOTL","2014","77181884.0000"
"4877","TKM","SP.POP.TOTL","2025","7618847.0000"
"4878","TKM","SP.POP.TOTL","2024","7494498.0000"
"4879","TKM","SP.POP.TOTL","2023","7364438.0000"
"4880","TKM","SP.POP.TOTL","2022","7230193.0000"
"4881","TKM","SP.POP.TOTL","2021","7092043.0000"
"4882","TKM","SP.POP.TOTL","2020","6949912.0000"
"4883","TKM","SP.POP.TOTL","2019","6803944.0000"
"4884","TKM","SP.POP.TOTL","2018","6655524.0000"
"4885","TKM","SP.POP.TOTL","2017","6507061.0000"
"4886","TKM","SP.POP.TOTL","2016","6360041.0000"
"4887","TKM","SP.POP.TOTL","2015","6215770.0000"
"4888","TKM","SP.POP.TOTL","2014","6075283.0000"
"4889","TCA","SP.POP.TOTL","2025","46855.0000"
"4890","TCA","SP.POP.TOTL","2024","46535.0000"
"4891","TCA","SP.POP.TOTL","2023","46198.0000"
"4892","TCA","SP.POP.TOTL","2022","45847.0000"
"4893","TCA","SP.POP.TOTL","2021","45243.0000"
"4894","TCA","SP.POP.TOTL","2020","44386.0000"
"4895","TCA","SP.POP.TOTL","2019","43166.0000"
"4896","TCA","SP.POP.TOTL","2018","41559.0000"
"4897","TCA","SP.POP.TOTL","2017","39913.0000"
"4898","TCA","SP.POP.TOTL","2016","38315.0000"
"4899","TCA","SP.POP.TOTL","2015","36605.0000"
"4900","TCA","SP.POP.TOTL","2014","35050.0000"
"4901","TUV","SP.POP.TOTL","2025","9492.0000"
"4902","TUV","SP.POP.TOTL","2024","9646.0000"
"4903","TUV","SP.POP.TOTL","2023","9816.0000"
"4904","TUV","SP.POP.TOTL","2022","9992.0000"
"4905","TUV","SP.POP.TOTL","2021","10194.0000"
"4906","TUV","SP.POP.TOTL","2020","10399.0000"
"4907","TUV","SP.POP.TOTL","2019","10581.0000"
"4908","TUV","SP.POP.TOTL","2018","10751.0000"
"4909","TUV","SP.POP.TOTL","2017","10869.0000"
"4910","TUV","SP.POP.TOTL","2016","10930.0000"
"4911","TUV","SP.POP.TOTL","2015","10963.0000"
"4912","TUV","SP.POP.TOTL","2014","10984.0000"
"4913","UGA","SP.POP.TOTL","2025","51384894.0000"
"4914","UGA","SP.POP.TOTL","2024","50015092.0000"
"4915","UGA","SP.POP.TOTL","2023","48656601.0000"
"4916","UGA","SP.POP.TOTL","2022","47312719.0000"
"4917","UGA","SP.POP.TOTL","2021","45910930.0000"
"4918","UGA","SP.POP.TOTL","2020","44457152.0000"
"4919","UGA","SP.POP.TOTL","2019","42999637.0000"
"4920","UGA","SP.POP.TOTL","2018","41565831.0000"
"4921","UGA","SP.POP.TOTL","2017","40177388.0000"
"4922","UGA","SP.POP.TOTL","2016","38799152.0000"
"4923","UGA","SP.POP.TOTL","2015","37531446.0000"
"4924","UGA","SP.POP.TOTL","2014","36395539.0000"
"4925","UKR","SP.POP.TOTL","2025","38980376.0000"
"4926","UKR","SP.POP.TOTL","2024","37860221.0000"
"4927","UKR","SP.POP.TOTL","2023","37732836.0000"
"4928","UKR","SP.POP.TOTL","2022","41048766.0000"
"4929","UKR","SP.POP.TOTL","2021","44298640.0000"
"4930","UKR","SP.POP.TOTL","2020","44680014.0000"
"4931","UKR","SP.POP.TOTL","2019","44957458.0000"
"4932","UKR","SP.POP.TOTL","2018","45208907.0000"
"4933","UKR","SP.POP.TOTL","2017","45436041.0000"
"4934","UKR","SP.POP.TOTL","2016","45616832.0000"
"4935","UKR","SP.POP.TOTL","2015","45784896.0000"
"4936","UKR","SP.POP.TOTL","2014","45972380.0000"
"4937","ARE","SP.POP.TOTL","2025","11513149.0000"
"4938","ARE","SP.POP.TOTL","2024","10986400.0000"
"4939","ARE","SP.POP.TOTL","2023","10483751.0000"
"4940","ARE","SP.POP.TOTL","2022","10074977.0000"
"4941","ARE","SP.POP.TOTL","2021","9575152.0000"
"4942","ARE","SP.POP.TOTL","2020","9401038.0000"
"4943","ARE","SP.POP.TOTL","2019","9445785.0000"
"4944","ARE","SP.POP.TOTL","2018","9346701.0000"
"4945","ARE","SP.POP.TOTL","2017","9223225.0000"
"4946","ARE","SP.POP.TOTL","2016","8935095.0000"
"4947","ARE","SP.POP.TOTL","2015","8505237.0000"
"4948","ARE","SP.POP.TOTL","2014","8059440.0000"
"4949","GBR","SP.POP.TOTL","2025","69487000.0000"
"4950","GBR","SP.POP.TOTL","2024","69281000.0000"
"4951","GBR","SP.POP.TOTL","2023","68526000.0000"
"4952","GBR","SP.POP.TOTL","2022","67636000.0000"
"4953","GBR","SP.POP.TOTL","2021","66978000.0000"
"4954","GBR","SP.POP.TOTL","2020","66740000.0000"
"4955","GBR","SP.POP.TOTL","2019","66628000.0000"
"4956","GBR","SP.POP.TOTL","2018","66287000.0000"
"4957","GBR","SP.POP.TOTL","2017","65964000.0000"
"4958","GBR","SP.POP.TOTL","2016","65606000.0000"
"4959","GBR","SP.POP.TOTL","2015","65087000.0000"
"4960","GBR","SP.POP.TOTL","2014","64619000.0000"
"4961","USA","SP.POP.TOTL","2025","341784857.0000"
"4962","USA","SP.POP.TOTL","2024","340003797.0000"
"4963","USA","SP.POP.TOTL","2023","336755052.0000"
"4964","USA","SP.POP.TOTL","2022","333996304.0000"
"4965","USA","SP.POP.TOTL","2021","332100166.0000"
"4966","USA","SP.POP.TOTL","2020","331578104.0000"
"4967","USA","SP.POP.TOTL","2019","330226227.0000"
"4968","USA","SP.POP.TOTL","2018","328529577.0000"
"4969","USA","SP.POP.TOTL","2017","326608609.0000"
"4970","USA","SP.POP.TOTL","2016","324353340.0000"
"4971","USA","SP.POP.TOTL","2015","321815121.0000"
"4972","USA","SP.POP.TOTL","2014","319257560.0000"
"4973","URY","SP.POP.TOTL","2025","3384688.0000"
"4974","URY","SP.POP.TOTL","2024","3386588.0000"
"4975","URY","SP.POP.TOTL","2023","3388081.0000"
"4976","URY","SP.POP.TOTL","2022","3390913.0000"
"4977","URY","SP.POP.TOTL","2021","3396695.0000"
"4978","URY","SP.POP.TOTL","2020","3398968.0000"
"4979","URY","SP.POP.TOTL","2019","3397206.0000"
"4980","URY","SP.POP.TOTL","2018","3394534.0000"
"4981","URY","SP.POP.TOTL","2017","3388438.0000"
"4982","URY","SP.POP.TOTL","2016","3379283.0000"
"4983","URY","SP.POP.TOTL","2015","3368017.0000"
"4984","URY","SP.POP.TOTL","2014","3356334.0000"
"4985","UZB","SP.POP.TOTL","2025","37053428.0000"
"4986","UZB","SP.POP.TOTL","2024","36361859.0000"
"4987","UZB","SP.POP.TOTL","2023","35652307.0000"
"4988","UZB","SP.POP.TOTL","2022","34938955.0000"
"4989","UZB","SP.POP.TOTL","2021","34243696.0000"
"4990","UZB","SP.POP.TOTL","2020","33586372.0000"
"4991","UZB","SP.POP.TOTL","2019","32964701.0000"
"4992","UZB","SP.POP.TOTL","2018","32373490.0000"
"4993","UZB","SP.POP.TOTL","2017","31819178.0000"
"4994","UZB","SP.POP.TOTL","2016","31284568.0000"
"4995","UZB","SP.POP.TOTL","2015","30749346.0000"
"4996","UZB","SP.POP.TOTL","2014","30222994.0000"
"4997","VUT","SP.POP.TOTL","2025","335169.0000"
"4998","VUT","SP.POP.TOTL","2024","327777.0000"
"4999","VUT","SP.POP.TOTL","2023","320409.0000"
"5000","VUT","SP.POP.TOTL","2022","313046.0000"
"5001","VUT","SP.POP.TOTL","2021","305868.0000"
"5002","VUT","SP.POP.TOTL","2020","298858.0000"
"5003","VUT","SP.POP.TOTL","2019","291985.0000"
"5004","VUT","SP.POP.TOTL","2018","285259.0000"
"5005","VUT","SP.POP.TOTL","2017","278507.0000"
"5006","VUT","SP.POP.TOTL","2016","272087.0000"
"5007","VUT","SP.POP.TOTL","2015","266101.0000"
"5008","VUT","SP.POP.TOTL","2014","260240.0000"
"5009","VEN","SP.POP.TOTL","2025","28516896.0000"
"5010","VEN","SP.POP.TOTL","2024","28405543.0000"
"5011","VEN","SP.POP.TOTL","2023","28300854.0000"
"5012","VEN","SP.POP.TOTL","2022","28213017.0000"
"5013","VEN","SP.POP.TOTL","2021","28237826.0000"
"5014","VEN","SP.POP.TOTL","2020","28444077.0000"
"5015","VEN","SP.POP.TOTL","2019","28938098.0000"
"5016","VEN","SP.POP.TOTL","2018","29807592.0000"
"5017","VEN","SP.POP.TOTL","2017","30565323.0000"
"5018","VEN","SP.POP.TOTL","2016","30765720.0000"
"5019","VEN","SP.POP.TOTL","2015","30573972.0000"
"5020","VEN","SP.POP.TOTL","2014","30254079.0000"
"5021","VNM","SP.POP.TOTL","2025","101598527.0000"
"5022","VNM","SP.POP.TOTL","2024","100987686.0000"
"5023","VNM","SP.POP.TOTL","2023","100352192.0000"
"5024","VNM","SP.POP.TOTL","2022","99680655.0000"
"5025","VNM","SP.POP.TOTL","2021","98935098.0000"
"5026","VNM","SP.POP.TOTL","2020","98079191.0000"
"5027","VNM","SP.POP.TOTL","2019","97173776.0000"
"5028","VNM","SP.POP.TOTL","2018","96237319.0000"
"5029","VNM","SP.POP.TOTL","2017","95176977.0000"
"5030","VNM","SP.POP.TOTL","2016","94000117.0000"
"5031","VNM","SP.POP.TOTL","2015","92823254.0000"
"5032","VNM","SP.POP.TOTL","2014","91679578.0000"
"5033","VIR","SP.POP.TOTL","2025","103792.0000"
"5034","VIR","SP.POP.TOTL","2024","104377.0000"
"5035","VIR","SP.POP.TOTL","2023","104917.0000"
"5036","VIR","SP.POP.TOTL","2022","105413.0000"
"5037","VIR","SP.POP.TOTL","2021","105870.0000"
"5038","VIR","SP.POP.TOTL","2020","106290.0000"
"5039","VIR","SP.POP.TOTL","2019","106669.0000"
"5040","VIR","SP.POP.TOTL","2018","107001.0000"
"5041","VIR","SP.POP.TOTL","2017","107281.0000"
"5042","VIR","SP.POP.TOTL","2016","107516.0000"
"5043","VIR","SP.POP.TOTL","2015","107712.0000"
"5044","VIR","SP.POP.TOTL","2014","107882.0000"
"5045","PSE","SP.POP.TOTL","2025","5413596.0000"
"5046","PSE","SP.POP.TOTL","2024","5289152.0000"
"5047","PSE","SP.POP.TOTL","2023","5165775.0000"
"5048","PSE","SP.POP.TOTL","2022","5043612.0000"
"5049","PSE","SP.POP.TOTL","2021","4922749.0000"
"5050","PSE","SP.POP.TOTL","2020","4803269.0000"
"5051","PSE","SP.POP.TOTL","2019","4685306.0000"
"5052","PSE","SP.POP.TOTL","2018","4569087.0000"
"5053","PSE","SP.POP.TOTL","2017","4454805.0000"
"5054","PSE","SP.POP.TOTL","2016","4367088.0000"
"5055","PSE","SP.POP.TOTL","2015","4270092.0000"
"5056","PSE","SP.POP.TOTL","2014","4173398.0000"
"5057","YEM","SP.POP.TOTL","2025","41773878.0000"
"5058","YEM","SP.POP.TOTL","2024","40583164.0000"
"5059","YEM","SP.POP.TOTL","2023","39390799.0000"
"5060","YEM","SP.POP.TOTL","2022","38222876.0000"
"5061","YEM","SP.POP.TOTL","2021","37140230.0000"
"5062","YEM","SP.POP.TOTL","2020","36134863.0000"
"5063","YEM","SP.POP.TOTL","2019","35111408.0000"
"5064","YEM","SP.POP.TOTL","2018","34085182.0000"
"5065","YEM","SP.POP.TOTL","2017","33090921.0000"
"5066","YEM","SP.POP.TOTL","2016","32109010.0000"
"5067","YEM","SP.POP.TOTL","2015","31159379.0000"
"5068","YEM","SP.POP.TOTL","2014","30226309.0000"
"5069","ZMB","SP.POP.TOTL","2025","21913874.0000"
"5070","ZMB","SP.POP.TOTL","2024","21314956.0000"
"5071","ZMB","SP.POP.TOTL","2023","20723965.0000"
"5072","ZMB","SP.POP.TOTL","2022","20152938.0000"
"5073","ZMB","SP.POP.TOTL","2021","19603607.0000"
"5074","ZMB","SP.POP.TOTL","2020","19059395.0000"
"5075","ZMB","SP.POP.TOTL","2019","18513839.0000"
"5076","ZMB","SP.POP.TOTL","2018","17973569.0000"
"5077","ZMB","SP.POP.TOTL","2017","17441320.0000"
"5078","ZMB","SP.POP.TOTL","2016","16914423.0000"
"5079","ZMB","SP.POP.TOTL","2015","16399089.0000"
"5080","ZMB","SP.POP.TOTL","2014","15895315.0000"
"5081","ZWE","SP.POP.TOTL","2025","16950795.0000"
"5082","ZWE","SP.POP.TOTL","2024","16634373.0000"
"5083","ZWE","SP.POP.TOTL","2023","16340822.0000"
"5084","ZWE","SP.POP.TOTL","2022","16069056.0000"
"5085","ZWE","SP.POP.TOTL","2021","15797210.0000"
"5086","ZWE","SP.POP.TOTL","2020","15526888.0000"
"5087","ZWE","SP.POP.TOTL","2019","15271368.0000"
"5088","ZWE","SP.POP.TOTL","2018","15034452.0000"
"5089","ZWE","SP.POP.TOTL","2017","14812482.0000"
"5090","ZWE","SP.POP.TOTL","2016","14600294.0000"
"5091","ZWE","SP.POP.TOTL","2015","14399013.0000"
"5092","ZWE","SP.POP.TOTL","2014","14207359.0000"
